date,title,content,link
20211026,돈도 축하도 필요없다..오늘 혼인 신고하고 왕실떠난 日공주,"나루히토(德仁) 일왕의 조카인 마코(眞子·30) 공주가 26일 약혼자 고무로 게이(小室圭·30)와 혼인 신고를 하고 왕실을 떠났다. 고무로 가족의 금전 문제로 촉발된 국민들의 부정적 여론을 고려해 결혼식은 치르지 않았다.  지지통신 등 일본언론에 따르면 마코 공주와 고무로는 이날 오전 왕실 업무를 담당하는 궁내청 직원을 통해 지자체에 혼인신고서를 제출했다. 여성 왕족이 결혼하면 왕적을 박탈하는 일본 법에 따라 마코 공주는 왕족의 신분을 벗고 '일반인' 고무로 마코가 됐다.    두 사람은 혼인 신고 후 도쿄(東京)의 한 호텔에서 기자회견을 열어 결혼에 대한 심경을 밝혔다. 마코 공주는 ""우리의 결혼에 대해 여러 가지 이야기가 나온 것을 알고 있다""면서도 ""고무로씨는 나에게 없어서는 안 될 존재이며, 결혼은 우리의 마음을 소중히 지키며 살아가기 위해 필요한 선택""이라고 말했다.  고무로도 회견에서 ""나는 마코씨를 사랑하고 있다""면서 ""한 번밖에 없는 인생을 사랑하는 사람과 보내고 싶다""고 소감을 밝혔다.     고무로는 같은 해 8월 미국 뉴욕의 로스쿨로 유학을 떠났다. 하지만 이후에도 고무로 모자의 '부적절한 행실'에 대한 보도가 이어지며 여론은 악화했다. 지난 9월 주간지 아에라가 실시한 여론조사에선 응답자의 93.3％가 ""두 사람의 결혼을 축복할 마음이 없다""고 답하기도 했다. 미국 CNN 방송은 24일 공주의 결혼을 둘러싸고 벌어진 소동을 통해 ""'한부모 밑에서 자란 평민'은 왕족의 배우자가 될 수 없다는 일본인의 계급 의식, 편모 가정에 대한 편견, 여성 혐오 등이 그대로 드러났다""고 논평했다.    하지만 마코 공주는 자신의 결혼에 대한 국민들의 반감을 고려해 이를 모두 포기했다. 26일 아사히신문은 예식도 지원금도 없는 공주의 결혼은 ""전후 일본 왕실 역사상 처음""이라며 ""이례 그 자체""라고 전했다.  두 사람은 이날 회견에서 기자들과 질의응답을 할 예정이었으나 전날 이를 취소했다. 이유는 ""마코 공주의 건강 상태를 고려해서""다. 실제로 지난 1일에는 마코 공주가 자신과 고무로에 대한 온갖 비방, 중상 등으로 인해 '복잡성 외상후스트레스장애(PTSD)'에 시달리고 있다는 사실이 공개되기도 했다.    마코 공주는 이날 회견에서도 ""잘못된 정보와 억측이 퍼져나가는 데 대해 공포와 슬픔을 느꼈다""고 털어놓았다. 고무로는 상대측과의 이견으로 아직 해결되지 않은 가족의 돈 문제에 대해 ""내가 직접 나서 대응하겠다""고 말했다.  고무로 부부는 당분간 도쿄 시부야(渋谷)구의 아파트에서 지내다 신변이 정리되는 대로 미국 뉴욕으로 떠난다. 고무로는 지난 5월 로스쿨을 수료한 뒤 현지 로펌에 취업을 확정한 상태로 알려졌다. 왕족이 결혼 후 바로 해외로 이주하는 경우도 이번이 처음이라고 일본 언론들은 전했다.  도쿄=이영희 특파원 misquick@joongang.co.kr Copyrightⓒ중앙일보 All Rights Reserved.",https://v.daum.net/v/20211026120754167
20211026,'구속 갈림길' 영장심사 마치고 법원 나서는 손준성 검사 [TF사진관],"       손 검사는 지난해 4월 대검찰청 수사정보정책관 재직 당시 국회의원 후보자였던 국민의힘 김웅 의원을 통해 야당에 여권 정치인 등에 대한 고발장과 자료 등을 전달한 혐의(직권남용, 공무상비밀누설, 선거법 위반) 등을 받고 있다. 한편 손 검사는 영장실질심사 결과가 나올 때까지 서울구치소에서 대기하며, 결과는 이르면 이날 오후 늦게 결정될 것으로 보인다. nyh5504@tf.co.kr사진영상기획부 photo@tf.co.kr 저작권자 ⓒ 특종에 강한 더팩트 & tf.co.kr 무단 전재 및 재배포 금지",https://v.daum.net/v/20211026141109385
20211026,김정숙 여사 '그때 그 가방'..에르메스 아닌 60만원대 '국산백'," 지난 6월 한국의 영부인 김정숙 여사는 영국 콘월 미낙극장(Minack Theatre)에서 열린 G7 정상회의 배우자 프로그램을 마친 후 미국 대통령 부인 질 바이든 여사와 기념촬영을 했다. 당시 김정숙 여자는 낙타(카멜) 색상의 브라운 토트&숄더 가방을 들어 눈길을 끌었다.  가방의 심플하고 고급스러운 디자인 때문에 당시 패션업계에서는 ""'명품 중의 명품' 에르메스가 아니냐""는 얘기도 나왔지만 당시 김 여사가 들었던 가방은 국산 디자이너 브랜드 '쿠론'의 스테파니 클래식(Stephanie Classic)'백이었다.  이 가방은 2010년 첫 출시돼 2012년 전후로 국내서 인기를 끌었던 쿠론의 대표 가방이다. 출시 이래 2014년까지 총 7000여점 넘는 판매고를 기록하며 한국 소비자들에 큰 사랑을 받았다. 쿠론은 석정혜 디자이너가 2009년 론칭한 브랜드로 2010년 코오롱에 인수된 브랜드다. 석정혜 디자이너는 코오롱에 합류해 쿠론을 키우는데 일조했으며 쿠론의 대표 디자인인 스테파니백들은 5년 만에 총 12만개가 팔려나가며 '국민백'에 등극했다.  코오롱FnC는 26일 쿠론 스테파니 클래식이 올해 재출시됐다고 밝혔다. 볼드한 잠금 장치가 돋보이는 단단한 모양에 고급스럽고 클래식한 디자인으로 이번 가을, 겨울 시즌에는 오리지널 컬러인 카멜, 그리고 이태리 크로커 엠보 소가죽 소재의 뉴 컬러 브라우니 케이크 두 가지 모델로 선보인다. 가격은 63만8000원이다.   또 쿠론은 기존의 스테파니 백 가죽을 그대로 재현하되 시즌 컬러를 반영해 새롭게 선보이는 스몰 버전 '스테파니 클래식 M'도 출시했다. 금속 자물쇠로 고급스러움을 더한 미디움 토트백으로 오리지널 컬러인 카멜과 더불어 그린, 레드를 추가했다. 스테파니 클래식M 그린은 최근 tvN 드라마 '갯마을 차차차'에서 신민아가 착용해 눈길을 끈 제품이기도 하다.  코오롱FnC는 이날 이 시대 여성을 향하는 '스테파니 위 러브(STEPHANIE WE LOVE)' 캠페인도 진행한다. '스테파니 위 러브' 캠페인은 2019년 브랜드 론칭 10주년을 기념해 시작해 올해로 3회를 맞이한 쿠론에서 전개하는 기업의 사회적 책임(CSR) 활동의 일환이다.  이번 시즌에는 'STEPHANIE WE LOVE : 우리가 사랑한 스테파니 이야기'라는 테마로 쿠론의 스테디셀러이자 시그니처 아이템인 '스테파니 백'을 매개체로 싱글맘의 자신감 넘치는 행보를 응원하는 메시지를 전하고자 했다.  이와 함께 2021년 가을·겨울 시즌 스테파니 백의 판매 금액 일부와 쿠론 가방이 싱글맘 자립 지원 후원 단체인 동방사회복지회에 기부될 예정이다. 홀로 신생아를 키우는 엄마들에게 필요한 기저귀가방 용도의 쇼퍼백과 워킹맘들을 위한 쿠론의 데일리 백도 함께 기부함으로써 여자로서 다시금 세상에 발돋움하고자 하는 그녀들이 자부심을 갖고 살아갈 수 있도록 응원하고 지원한다는 취지다.   쿠론은 '스테파니 위 러브' 캠페인을 위해 뮤즈인 배우 신민아를 비롯해 각기 다른 분야에서 프로페셔널한 역할을 수행하는 4명의 여성들과 함께한 필름을 제작했다.  저작권자 ⓒ '돈이 보이는 리얼타임 뉴스' 머니투데이 ",https://v.daum.net/v/20211026102327899
20211026,"부스터샷, 누가 언제 어떤 백신 맞을까..정부, 28일 발표"," (서울=뉴스1) 이형진 기자 = 방역당국이 오는 28일 신종 코로나바이러스 감염증(코로나19) 백신의 추가접종(부스터샷) 계획을 발표한다. 다만 12세 미만 어린이의 접종 계획은 허가 이후 고려하겠다고 밝혔다. 홍정익 코로나19 예방접종대응추진단 예방접종관리팀장은 26일 출입기자단 온라인 백브리핑에서 ""추가접종 대상이나 접종 백신, 기본 접종한 분들에 대해 언제 어디서 어떻게 추가 접종을 받을수 있는지 등 전반적인 것에 대해 11~12월 해당하는 분들 안내 하는 것이 목요일 발표의 주요 내용""이라고 말했다. 앞서 추진단은 기본 접종대상군에 대해 접종 완료 후 6개월에서 8개월 이내 추가 접종이 필요하다는 정도에 불과했고, 12월 전에 세부 계획을 발표한다는 방침이었다. 그러나 미국 연구 사례에 따르면 얀센 접종자의 예방효과가 88%에서 5개월만에 3%로 급감했고, 문재인 대통령도 얀센 접종자의 조기 추가 접종 계획을 지시하면서 계획 수립은 급물살을 탔다. 홍 팀장은 ""얀센 뿐 아니라 관련된 추가접종 계획을 모아 발표할 계획""이라며 ""여러 접종을 실행하는 과정에서 시뮬레이션을 하면서 여러 부분을 검토하고 있다. 최종 의사결정은 예방접종전문문위 심의를 받고 있다. 확정을 받아 발표하겠다""고 밝혔다. 한편 12세 미만 어린이 접종계획이 포함될지 여부에는 선을 그었다. 미국의 경우 화이자가 5~11세 아동에 대해 미국 식품의약국(FDA) 긴급사용승인을 신청했고, 모더나도 6~11세 아동에 대한 임상 결과가 성공적이라고 밝히는 등 12세 미만 아동에 대한 백신 접종이 임박했음을 알렸다.  정부는 아직 외국에서도 어린이 접종의 허가가 본격적으로 난 것이 아닌 만큼 일단은 지켜보고 있는 상황이다. 홍 팀장은 ""12세 미만 어린이를 대상으로는 허가 받은 백신이 없다. 이번 시행 계획에는 포함돼 있지 않다""며 ""추후 쓰일 수 있는 백신이 허가를 받으면 그 때 (접종 계획을) 고려해야 하지 않을까 한다""고 답했다. hjin@news1.kr  Copyright ⓒ 뉴스1코리아 www.news1.kr 무단복제 및 전재 – 재배포금지",https://v.daum.net/v/20211026150756817
20211026,'보통 사람' 노태우 전 대통령 별세..향년 89세," (서울=뉴스1) 이호승 기자 = 제13대 대통령을 지낸 노태우 전 대통령이 26일 지병 악화로 서울대병원에서 별세했다. 향년 89세.  고인은 1987년 6월 항쟁 직후 집권 민정당(민주정의당) 대선 후보로서 '6·29 선언'을 발표해 대통령 직선제를 받아들인 뒤 그해 12월 13대 대선에서 당선된, 대통령 직선제 도입 후 첫 대통령이었다.  1932년 대구 달성에서 출생한 고인은 1955년 육군사관학교를 졸업한 뒤 수도사단 맹호부대 대대장으로 베트남전에 참전했다. 이후 1979년 9사단장, 수도경비 사령관을 역임했고, 1980년 국군보안사령관에 취임해 제5공화국 출범 후 정무 제2장관에 임명됐다. 1982년 초대 체육부 장관에 임명된 뒤 같은 해 4월 내무부 장관으로 전임하고 1985년 제12대 국회의원 선거에서 민주정의당 전국구 의원으로 당선돼 정계에 입문했다. 전두환 전 대통령 임기 말 후계자로 낙점된 고인은 6월 항쟁에서 분출된 국민의 직선제 개헌 요구를 전면 수용하고 '보통 사람'을 슬로건(구호)으로 내세워 1987년 12월 13대 대통령 선거에서 승리한다. 노 전 대통령은 민정당이 13대 국회의원 총선에서 과반 의석 확보에 실패하자 여소야대 정국을 극복하기 위해 김영삼 통일민주당 총재, 김종필 신민주공화당 총재와 3당 합당을 성사시켰다. 노 전 대통령은 13대 대통령을 퇴임한 뒤 1995년 내란 혐의로 전두환 전 대통령과 함께 구속기소 돼 1997년 4월 대법원으로부터 징역 17년을 선고받았고, 같은 해 12월 김영삼 대통령에 의해 사면됐다. 노 전 대통령은 2002년 전립선암 수술 이후 건강이 악화된 데다 희소병인 소뇌위축증을 앓으며 오랜 기간 병상에서 생활해 왔다. 지난 2003년 노무현 대통령 취임식에 참석한 이후 공식 석상에서 모습을 보이지 않았다.  유족으로는 부인 김옥숙 여사와 딸 소영씨, 아들 재헌씨 등 1남 1녀가 있다. yos547@news1.kr  Copyright ⓒ 뉴스1코리아 www.news1.kr 무단복제 및 전재 – 재배포금지",https://v.daum.net/v/20211026143359311
20211026,백신도 격리도 무용지물..중국 코로나 '제로 감염' 포기하나," 신종 코로나바이러스 감염증(코로나19) 확산에 대처하는 중국의 해법은 하나다. 지역을 틀어막아 확진자를 ‘0’으로 만들 때까지 봉쇄하는 ‘제로 감염’ 원칙을 고수해왔다. 지난해 1월 우한, 4월 하얼빈, 6월 베이징, 10월 칭다오, 올해 7월 난징이 그랬다. 하지만 내년 2월 베이징동계올림픽을 앞두고 버거운 모습이다. 코로나19에 뚫린 수도 베이징의 상황이 심상치 않기 때문이다. 베이징은 69일 만에 확진자 0명의 행진이 깨졌다. 이달에만 23명의 확진자가 나왔다. 성인 접종률이 99%에 육박하는데도 델타 변이의 기세를 막을 수는 없었다. 중국 전역 확진자는 지난 일주일간 200명이 넘었다. 도시는 잔뜩 움츠렸다. 원칙적으로 주민들의 베이징 밖 이동을 허용하지 않고 있다. 나가려면 거주지역 주민위원회에 보고해야 한다. 이웃의 눈치를 볼 수밖에 없다. 교육기관의 실내외 단체활동은 전면 금지됐다. 병원 앞에는 부스터샷(추가 접종)을 맞으려는 주민들의 대기행렬이 길어지고 있다. 27일 베이징올림픽 ‘D-100’에 앞서 당국은 전염병 예방 가이드북을 공개했다. 해외 선수단과 관계자들은 입국 14일 전에 두 차례 백신 접종을 마쳐야 한다. 백신 미접종자는 21일간 격리다. 입국 후에도 동선은 철저히 차단된다. 이른바 ‘폐쇄식’ 관리다.  여기까지는 지난달 밝힌 내용과 별 차이가 없다. 다만 기류가 달라졌다. 호흡기질환 전문가인 베이징대 제1병원 왕광파는 26일 환구시보에 “백신을 맞고 21일 격리해도 제로 감염을 완전히 보장할 수는 없다”고 말했다. 그는 이어 “대규모 집단 발병이 아니라면 전염병 예방은 성공적”이라고 덧붙였다. 현실적으로 제로 감염 원칙을 고집하기 어렵다는 의미로 풀이된다. 중국은 그간 ‘위드 코로나’(단계적 일상회복)를 신경질적으로 거부해왔다. 지난 8월 코로나와의 공존을 조심스레 제안하며 인터넷 기사에 댓글을 남긴 중학교 교사는 보름간 구류 처분을 당했고, 코로나 최고 전문가는 위드 코로나를 주장했다가 비난 여론의 뭇매에 끝내 입장을 바꿔야 했다. 하지만 올림픽을 앞두고 해외 입국자가 몰려드는 상황에서 동네마다 출입을 제한해 유령 도시로 만들 수는 없는 일이다. 서구국가들이 통제 사회라고 비판하는 중국의 그늘이 역으로 부각될 수도 있다. 특히 중국은 7월 도쿄올림픽과 달리 국내 관중의 경기장 입장을 허용하며 베이징올림픽을 성대한 축제의 장으로 만들 요량이다. 올림픽 조직위원회는 “입국자들이 정해진 공간 안에서도 충분히 만족할 것”이라고 자신했지만 중국의 코로나 대응은 갈수록 힘겨워지고 있다. 베이징= 김광수 특파원 rollings@hankookilbo.com ⓒ한국일보 www.hankookilbo.com (무단복제 및 전재, 재배포를 금지합니다)",https://v.daum.net/v/20211026144341735
20211026,[영상] 날아가는 오리 찍으며 연습..누리호 담아낸 '휴보 아빠'," 지난 21일 누리호가 우주로 향할 준비를 하고 있을 무렵. 발사대에서 20km 떨어진 백야도에서도 긴장이 감돌았습니다.  바닥에 까는 매트를 뒤집어씌워 햇빛을 가린 모니터 2대, 그 옆에 놓인 큰 카메라 2대. '휴보 아빠' KAIST 오준호 기계공학과 석좌교수와 레인보우로보틱스 천문팀 정병준 팀장입니다.   누리호 1단 분리 기체 떨어지는 모습.〈영상=레인보우로보틱스〉  위성 모사체를 보호하는 페어링은 하나의 무게만 300kg이 넘어 정상 궤도까지 올라가려면 잘 끊어내야 합니다.  ■ 누리호 찍으려 추적장치 직접 개발   크게 확대한 만큼 떨림도 줄여야 했습니다. 그래서 만든 게 비선형 매핑방식의 컨트롤러입니다.  지구 자전 속도의 10분의 1까지 천천히 떨림 없이 움직일 수 있고 사람 손의 감각과 일치시켜 조종할 수 있도록 했습니다.   연습을 위해 날아가는 오리를 찍어봤지만, 발사체를 찍어보는 건 처음이었습니다.  ■ 우주에 대한 호기심으로 시작한 발명   오 교수가 우주에 관심을 두기 시작한 건 초등학교 2학년 때입니다. 아버지가 사준 책 'OUR SUN' 이란 책에서 본 태양계 사진 때문입니다. 그 사진이 너무 아름다워 우주에 매료됐다고 말합니다.  그리고는 골판지를 접어 망원경을 만들어 달 분화구를 관찰하기 시작했고 어느덧 로봇공학자가 됐습니다.  오 교수는 KAIST 교수가 되고 개기 일식을 찍기 시작했습니다. 10여 개 나라를 다니며 사진을 찍었습니다.   3번의 나로호 발사도 따라다니며 문제점을 보완해나갔습니다.  ■ 우주 개발 보탬 되고파…자동 추적 장치 개발 중  오 교수는 선진국에서 모든 발사 장면을 찍어 문제점을 분석하는 기술이 부러웠습니다. 우리나라에서도 이 기술이 필요하다고 느꼈고 누구보다 먼저 시작한 겁니다.  이번 누리호 발사 영상을 시뮬레이션으로 분석하고 있는데 다음 발사인 내년 5월까지 자동으로 물체를 추적하는 장치를 개발하기 위해 연구하고 있습니다.   CopyrightsⓒJTBC, All Rights Reserved.",https://v.daum.net/v/20211026115003425
20211026,"""휴대폰 내놔, 부숴버리기 전에"" 한 경찰관의 취재 방해 논란","비리 의혹 목사 비호 의혹 방배서 경찰, 관련 취재 온 기자에 물리력 행사…휴대전화·가방 강제로 빼앗으려 시도 [미디어오늘 장슬기 기자] 현직 경찰이 자신을 취재하는 기자에 물리력을 행사하며 겁박한 사실이 드러나 논란이다. 해당 취재기자는 한 목사 횡령 등의 비리 의혹과 관련해 한 경찰관의 비호 정황을 취재 중이었다.  사단법인 평화나무의 권지연 기자는 서울 서초구에서 교육기관을 운영하며 목회하는 서아무개 목사의 비리 의혹과 해당 교회 성도인 경찰(방배경찰서 경제팀 소속 김아무개 수사관)의 비호 정황에 대해 조사해달라는 민원을 국민신문고에 올렸다가 신분이 유출된 민원인의 사례를 취재하고 있었다.  민원인은 국민신문고에 민원을 넣은 뒤 방배경찰서 한 수사관에게 연락을 받았다. 해당 수사관은 '신분 노출 우려가 있다'고 했고 민원인은 수사관의 말을 믿고 국민신문고에 올렸던 자신의 민원을 취소했다. 그런데 이후 김 수사관이 민원인를 상대로 무고죄로 고소하는 사건이 발생했다. 민원인 신분에 대한 비밀보장이 이뤄지지 않은 것이다. 김 수사관은 민원인에게 '국민신문고 작성자가 집사님(민원인)인 거 다 확인했다'는 메시지도 보냈다.  권 기자는 이 사건 관련 김 수사관의 입장을 듣기 위해 지난 5일 방배경찰서를 찾았다. 다음은 당시 권 기자와 김 수사관의 대화 녹취다.  기자 : “취재 요청드리러 온 건데요.”수사관 : “놔, 놔라. 이거 확인해요. 녹음하고 있는지, 녹음하고 있지?”(중략)수사관 : “왜 찍냐고, 왜찍어”기자 : “왜 찍어?”수사관 : “안 찍었어? 안 찍었니?”기자 : “왜 반말 하십니까?”수사관 : “몇 살이니? 왜 찍었니? 아니 안 찍었으면 보여줘”  정보공개청구로 확보한 당시 경찰서 사무실 CCTV를 보면 김 수사관은 권 기자를 사무실 구석으로 몰아넣고 움직이지 못하게 막았다.  기자 : “지금 뭐하십니까, 이게 경찰공무원으로서 마땅한 행동이라고 생각하십니까?”수사관 : “기자가 그러면 취재원이 거부하는데 마음대로 찍은 거 기자정신에 맞는거야?”기자 : “과장님과 이야기하겠습니다. 비켜서십시오.”수사관 : “내놔, 내가 부숴버리기전에” 휴대전화를 빼앗으려는 김 수사관과 빼앗기지 않으려는 권 기자 사이에 힘겨루기가 이어졌고 고성이 오갔다. 권 기자는 다른 경찰관들을 향해 '왜 자신이 휴대전화를 빼앗기고 반말로 겁박을 당하고 있는데 보고만 있는지' 요청했지만 김 수사관을 적극적으로 제지한 이는 없었다. 결국 김 수사관의 강압으로 권 기자는 녹음파일을 삭제한 뒤 경찰서를 빠져나왔고, 이후 녹음을 복원했다.  지난 8일 관련해 방배경찰서 앞에서 기자회견이 열렸다.  권 기자는 “사과도 받지 못했고, 국민신문고 작성자 관련 누출경위도 모르쇠로 일관했다”며 “제보자(민원인)에게 사과할 의향도 없어보였다”고 말했다.  이헌주 교회개혁실천연대 사무국장은 이날 “국민이 부여한 공권력으로 시민의 안전을 지키기는커녕 온 힘을 기울여 위법하고 불경건한 목사를 지키겠다고 하는 경찰이 있다고 하니 개탄스럽지 않을 수 없다”고 비판했다. 해당 목사는 140억원대의 횡령과 탈세로 수사를 받고 있고, 해당 교육기관에서 학생들에 대한 인권침해로 초중등교육법 위반 혐의로 재판을 받고 있다.   이날 양희삼 카타콤교회 목사는 “사건 음성 파일을 들어보니 다른 수사관들도 동조하거나 제지하지 않았는데 당신들은 어느 나라 경찰들”이라며 경찰을 비판했다. 안진설 민생경제연구소장은 “기자가 취재를 왔는데 본인이 지금 이 사건의 이해 충돌 당사자이고 제보자 색출의 당사자이고 협박의 당사자이다보니까 굉장히 과민 반응과 폭력적인 반응을 보였다”며 “폭력경찰이 된 거냐”고 비판했다.  권 기자는 당시 사건에 대해 국가인권위원회와 경찰청에 진정을 넣었다.  김 수사관과 방배경찰서는 입장을 내지 않고 있다. 미디어오늘은 김 수사관에게 지난 13일부터 수차례 관련 입장을 물었지만 26일 현재까지 답을 하지 않았다. 방배경찰서 측에도 관련 질의를 남겼지만 26일 현재 입장을 내지 않고 있다.  Copyrights ⓒ 미디어오늘. 무단 전재-재배포 금지 ",https://v.daum.net/v/20211026132744684
20211026,올 겨울 '이상 한파' 가능성..우리 바다도 위험하다," 올해 겨울은 예상치 못한 한파가 갑자기 찾아오는 등 큰 폭의 기온 변화가 예상된다. 이에 바다에서도 재난을 대비할 수 있도록 정부가 체계적 사전점검과 신속한 저수온 예보를 통해 피해를 최소화하기 위한 방법을 찾는다. 해양수산부는 다음달 15일부터 내년 3월 15일까지 겨울철 자연재난 대책기간에 앞서 한파·폭설 등 겨울철 자연재난으로 인한 해양수산 분야 피해를 최소화하기 위해 '겨울철 대설·한파 재난대비 추진계획'을 수립했다고 26일 밝혔다. 겨울철은 저수온으로 인한 양식 수산생물·시설 피해와 함께 한파·폭설·강풍·풍랑 등 자연재해로 인한 소형선박 사고나 인명피해 발생 가능성이 높다. 기상청에 따르면 올 겨울 기온은 평년과 비슷한 0.1∼0.9℃가 예상되지만 찬 대륙고기압과 이동성 고기압의 영향으로 기온 변화가 매우 클 전망이다. 찬 대륙고기압이 확장될 경우 기온이 큰 폭으로 떨어질 때가 있을 것으로 보인다.  이에 해수부는 겨울철 자연재난에 대비해 해양수산 분야 중점관리시설 및 취약요소에 대한 사전점검을 실시하는 등 피해를 예방하고 신속한 복구조치가 이뤄지도록 준비한다. 특히 올해는 철저한 사전대비 활동을 통한 해양수산 인명피해 제로화, 선제적 대응을 통한 중점관리시설 및 취약시설 피해 최소화를 목표로 한다. 우선 지자체, 고용노동부, 해양교통안전공단, 수협 등 관계기관 합동점검반을 구성해 연근해 어선과 낚시어선을 대상으로 전기, 소화기, 양망기 등 시설에 대한 안전수칙 준수를 계도한다. 11월에는 지방해양수산청과 운항관리센터, 해경, 지자체, 선박검사기관 등 유관기관과 함께 연안여객선 특별점검을 실시한다. 중점관리시설인 항만분야 769개 관리시설에 대해서는 안전등급에 따라 지속적으로 사후관리를 실시하고, 115개 국가어항의 967개 주요 시설물에 대한 정기점검을 한다. 71개 항만, 48개 어항 공사장에 대해서도 지속적인 안전관리가 이뤄지도록 지도한다. 한파에 취약한 양식 수산생물 및 양식시설에 대해서는 월동장 운영, 방풍용 덮개 설치 등 동사 피해 예방조치를 취하도록 한다. 지자체와 국립수산과학원이 합동으로 현장대응반을 구성해 동사 피해 우려지역에 대한 어장관리 요령을 가르친다. 아울러 전국 연안의 수온을 정기적으로 관찰해 저수온 예보 및 주의사항 등 수온 관련 정보를 해양환경 어장정보 시스템 누리집(www.nifs.go.kr/risa)과 '수온정보서비스' 앱을 통해 실시간 제공한다. 한편 해수부는 어업인을 대상으로 하는 안전조업교육의 효과를 높이기 위해 회당 교육인원은 축소 100→20명으로 줄이고 체험교육시간은 110→140분으로 늘린다. 어선원까지 안전조업 교육 이수가 의무화되도록 입법화를 추진하고 있다.  고준성 해수부 해사안전관리과장은 ""최근 이상기온으로 인한 대규모 자연재해가 지구 곳곳에서 발생하고 있는 만큼, 올 겨울에도 유관기관 등과의 협력을 토대로 긴장의 끈을 늦추지 않고 자연재난 대비·대응에 만전을 기하겠다""고 말했다.  저작권자 ⓒ '돈이 보이는 리얼타임 뉴스' 머니투데이 ",https://v.daum.net/v/20211026110049963
20211026,"中 왕이, 日에 공개 경고..""대만, 역사 문제 선 넘지 말라""","왕이 중국 외교담당 국무위원 겸 외교부장이 일본을 향해 “역사 인식과 대만 등은 중요하고 민감한 문제”라며 “선을 넘거나 규칙을 어겨서는 안 된다”고 말했다. 기시다 후미오(岸田文雄) 일본 총리 내각 출범 이후 처음 나온 공개 발언이다. 왕 부장은 25일 중·일 양국의 정·재계 인사와 지식인이 참여해 양국 현안을 논의하는 제17회 ‘도쿄·베이징 포럼’ 축하 영상에서 “(일본과 중국이) 상호 협력의 동반자가 되고, 상호 위협이 되지 않도록 한다는 정치적 공통 인식을 정책 수립에 반영해 구체적인 행동으로 실행되길 바란다”며 이같이 밝혔다. 그는 “우선 역사 인식이나 대만 등에 관한 문제는 모두 중요하고 민감하다. 또 양국 관계의 정치적 기반에 관한 것”이라며 “어떠한 상황에서도 중·일 4개의 정치문서 원칙과 정신은 반드시 준수해야 한다”고 했다. 이어 “조금도 모호해서는 안 되고 선을 넘거나 규칙을 어겨서는 안 된다”고 덧붙인 그는 인권문제에 대해서도 “내정 간섭의 도구로 삼아서는 안 된다”고 강조했다. 아사히신문은 왕이 부장의 발언을 두고 “4일 발족한 기시다 정권을 견제한 것”이라고 해석했다.  왕 부장이 이날 언급한 중·일 간 4개의 정치문서는 ▲1972년 수교 때 발표한 중·일 공동성명 ▲1978년 양국 외교장관이 서명한 중·일 평화우호조약 ▲1998년 양국이 발표한 ‘중·일 평화와 발전의 우호협력 동반자 관계 수립 노력을 위한 공동선언’ ▲2008년 양국 정상이 서명한 ‘중·일 전략적 호혜관계 전면 추진에 관한 공동성명’ 등이다. 왕 부장은 끝으로 내년이 중·일 국교 정상화 50주년이라는 점을 들어 “초심을 잊지 않고, 다음의 50년을 향한 비전을 그리기 위해 상호 신뢰에 근거하는 정치적 신뢰 관계를 회복하는 것이 급선무”라고 했다. 현재 일본은 양안(兩岸·중국과 대만) 관계 악화로 대만에 유사사태가 발생할 경우에 대비해 다양한 준비 작업을 진행 중이다. 2021년판 방위백서에는 처음으로 ‘대만 정세는 일본의 안보에 중요하다’는 내용을 명기했다. 지난해 방위백서에선 중국의 방위 정책을 설명하는 부분에 ▲중국과 대만의 관계 ▲대만의 군사력 ▲중국과 대만의 군사력 비교 등 대만에 대한 역사적, 군사적 사실들만 나열했었다. 올해 방위백서 초안에는 중국과 대만의 군사적인 균형과 관련해 “중국 측에 유리한 방향으로 변화하고 그 격차가 매년 커지는 경향을 보인다”는 지적도 담겼었다. 집권 자유민주당은 이달 31일 치러지는 중의원 선거의 공약으로 지금까지 국내총생산(GDP)의 1% 선에서 유지해오던 방위예산을 중장기적으로 2%로 올리고, 일본 외교·안보정책의 기본 방침인 국가안전보장전략과 방위계획대강, 중기방위력정비계획을 개정하는 내용을 포함시켰다. 국가안전보장전략은 중국의 군사적 움직임이 지금처럼 노골적이지 않았던 2013년 12월 책정된 것이다. 그 하위개념인 방위계획대강, 이에 기초해 자위대가 갖출 무기체계를 정해 둔 중기방위력정비계획은 2018년 12월 한차례 개정됐다. 기시다 총리는 대만과 개인적인 인연을 맺고 있기도 하다. 그의 증조부가 사업 확대를 목표로 청일전쟁이 끝난 1896년 아내와 생후 2개월된 장남을 데리고 대만 지룽시로 건너갔던 사실이 뒤늦게 알려졌다. 이와 관련, 차이스잉 대만 민진당 입법위원은 21일 영국 파이낸셜타임스(FT)와 인터뷰에서 “일본에 이런 배경을 가진 총리는 정말 드물다. 우리에게 그것은 매우 특별한 유대 관계를 의미한다”며 향후 기시다 일가를 초청할 기회가 있기를 바란다”고 기대했다.  중국은 일본이 대만과 밀착할 경우에 대비해 촉각을 곤두세우고 있다. 중국 관영 글로벌타임스는 일본 방위백서에 대만이 언급되자 이를 중국에 대한 도발로 규정하고 “견딜 수 없는 심각한 결과를 초래하게 될 것”이라고 경고했다. 일본이 대만 문제에 군사적으로 개입하거나 미국의 군사기지 역할을 할 경우 군사 공격 대상이 될 것이라고도 했다. 당시 자오리젠 중국 외교부 대변인은 “대만은 양도할 수 없는 중국의 영토이며, 대만은 중국 내부 문제”라고 못박은 뒤 일본에 “중국의 주권을 존중하고 지역 평화와 안정을 수호하겠다는 진정성을 보여달라”고 촉구했다. 중국은 이달 중순부터 이날까지 러시아와 함께 해군 함정 5척씩, 총 10척을 일본의 태평양쪽 지역에 보내 열도를 반 바퀴 돌도록 하기도 했다. 23일 오전엔 나가사키현 단조군도 약 130㎞ 지점에서 중국 대형 함정인 렌하이급 미사일 구축함 소속 헬기 1대가 날아올라 일본 항공자위대 전투기가 긴급 대응한 것으로 알려졌다. 이에 한 일본 정부 관계자는 산케이신문에 “중·러에 의한 경고의 뜻이 아니겠냐”고 말했다. 일본 방위성은 “양국의 군이 유례없는 행동을 취하고 있다”며 “경계와 감시를 계속하고 있다”고 밝혔다. - Copyrights ⓒ 조선비즈 & Chosun.com, 무단 전재 및 재배포 금지 - ",https://v.daum.net/v/20211026150201494
20211026,"[단독]홍준표측, '당원투표 ARS' 본인인증 요청..선관위 ""2차때 안 해서 안돼""","기사내용 요약 홍준표측, 당원 투표 중 ARS전화때 본인인증 절차 도입 요구 선관위 ""2차 컷오프 때도 도입 안 해서 이번에 하긴 어려워""  [서울=뉴시스] 정윤아 기자 = 국민의힘 대권주자인 홍준표 의원측이 당 선거관리위원회에 최종경선 당원투표 중 전화ARS 투표시 본인인증 절차 도입을 요구했지만, 당 선관위는 기각한 것으로 확인됐다.  26일 정치권에 따르면 홍준표 캠프는 전날 당 선관위에 '공정한 투표 진행을 위해 전화 ARS투표에 본인 인증 절차를 도입해 주실 것을 요청드린다'는 내용의 공문을 보냈다.  국민의힘 대선후보를 최종결정하는 경선은 일반인여론조사(50%)와 당원투표(50%)로 진행된다.  그 중 당원투표의 경우, 모바일 투표를 먼저 실시하고 모바일 투표를 하지 못한 선거인단을 대상으로 전화 ARS투표를 실시토록 하고 있다. 모바일 투표의 경우는 보안인증번호 입력과 주민등록번호 입력의 두 가지 본인 인증 절차를 거치는데 비해 전화 ARS투표는 아무런 본인 인증 절차 없이 책임당원 여부만 확인한 후에 투표 절차에 들어가도록 돼있다.  홍 의원측은 선관위에 ""대리투표 등의 부정투표가 발생할 가능성이 높아 대통령 후보를 선출하는 중차대한 대통령 후보 경선이 자칫하면 부정선거 시비에 휘말리는 결과를 초래할 수도 있다. 따라서 전화 ARS투표에도 최소한 1회 이상 본인 인증철차를 도입해 달라""고 주장했다. 하지만 당 선관위는 26일 해당 요청을 거부하는 뜻을 밝힌 것으로 확인됐다.  당 선관위측은 ""2차컷오프 투표 때도 하지 않았기 때문에 3차 때 도입은 어렵다""고 말한 것으로 전해졌다.  홍 의원측은 ""2차 투표 때 ARS전화를 본인 인증없이 하는 것도 몰랐고 이제야 문제를 발견해서 개선을 요구한 것""이라며 ""그런데 이런 이유로 거부당했다""고 토로했다.  한편 당 선관위는 이날 경선 일반인 여론조사를 4지 선다형으로 확정했다.  질문 방식은 경선 후보 4인 중 더불어민주당 이재명 후보와 맞붙었을 때 누가 가장 경쟁력 있느냐를 묻는 단순 4지 선다형이 아니라, 이 후보와 국민의힘 후보 간 가상 일대일 대결 상황을 각각 모두 불러준 뒤 어느 후보가 가장 경쟁력 있는지를 묻기로 했다. 홍준표 의원 측이 주장해온 '4지 선다형'을 골자로, 질문 방식을 윤석열 전 검찰총장 측이 말해온 일대일 가상 대결로 채택한 것이다. ☞공감언론 뉴시스 yoona@newsis.com  ⓒ 공감언론 뉴시스통신사. 무단전재-재배포 금지",https://v.daum.net/v/20211026145235087
20211026,[아경 여론조사] 가상대결 이재명 40.6% vs 홍준표 45.1%," [아시아경제 박준이 기자] 이재명 더불어민주당 대선 후보와 홍준표 국민의힘 의원 간 가상 대결에서 홍 의원이 이 후보를 오차범위 내에서 앞서는 것으로 조사됐다. 다만 홍 의원의 지지율이 하락하고, 이 후보의 지지율이 상승하면서 두 후보 간 격차는 직전 조사보다 좁혀졌다. 26일 아시아경제가 윈지코리아컨설팅에 의뢰해 지난 23~24일 전국 거주 만 18세 이상 유권자 1023명을 대상으로 여론조사(휴대전화 가상번호 100%·자동응답)를 실시한 결과 '이 후보와 홍 의원과의 가상대결'을 묻는 질문에 홍 의원을 지지하겠다는 응답은 45.1%로, 이 후보(40.6%)보다 우세했다. 이는 직전 조사(9~10일 실시) 대비 홍 의원은 2.9%포인트 하락, 이 후보는 2.0%포인트 상승한 결과다. 이로써 두 후보 간 지지율 격차는 직전 조사 9.4%포인트에서 오차범위 내인 4.5%포인트로 좁혀졌다. 홍 의원은 최근 당 후보 선출을 앞두고 윤 전 총장과의 공방이 격화하면서 악재로 작용한 것으로 분석된다. 반면 이 후보는 국정감사 기간 대장동 개발 의혹에 대한 해명에 나서면서 지지율이 회복한 것으로 보인다. 성별로는 남성층(홍 의원 49.3%, 이 후보 42.3%)과 여성층(홍 의원 40.9%, 이 후보 38.9%) 모두에서 홍 의원이 우세했다. 연령별로 홍 의원은 20대(52%)와 30대(53.7%), 60대 이상(48.2%)에서, 이 후보는 40대(57.5%)와 50대(47.5%)에서 높게 나타났다. 권역별로 홍 의원은 서울(50.1%), 대구·경북(53.8%), 부산·울산·경남(56.2%)에서, 이 후보는 경기·인천(43.5%), 충청권(46.7%), 호남권(60.9%), 강원·제주(52.7%)에서 우위를 차지했다. 국민의힘 지지층에서는 75.4%가 홍 후보를 지지한다고 답했고, 민주당 지지층의 77.4%가 이 후보를 지지한다고 응답했다. 무당층에서는 홍 의원이 40.9%로, 32.2%인 이 후보보다 오차범위 밖에서 우세했다. ▶어떻게 조사됐나 이번 조사는 아시아경제가 윈지코리아컨설팅에 의뢰해 전국 만 18세 이상 유권자를 대상으로 지난 23~24일 실시됐으며, 1024명이 응답해 전체 응답률은 6.6%다. 조사방법은 무선ARS로 휴대전화 가상번호 100%이며, 표본은 2021년 1월말 행정안전부 주민등록 인구 기준 성·연령·지역별 가중값 부여(셀가중)로 추출했다. 표본오차는 95% 신뢰수준에 ±3.1%포인트다. 자세한 조사 개요는 윈지코리아컨설팅 홈페이지나 중앙선거여론조사심의위원회 홈페이지를 참조하면 된다. 박준이 기자 giver@asiae.co.kr <ⓒ경제를 보는 눈, 세계를 보는 창 아시아경제 무단전재 배포금지>",https://v.daum.net/v/20211026144319713
20211026,"'의문의 실종' 유나이티드항공 부사장, 14개월만에 숨진 채 발견"," (시카고=연합뉴스) 김현 통신원 = 미국에서 많은 의문을 남긴 채 실종됐던 전도유망한 글로벌 기업의 고위인사가 14개월여만에 자택 인근에서 사체로 발견돼 죽음을 둘러싼 미스터리가 더 커지고 있다.  25일(이하 현지시간) 시카고 언론에 따르면 수사당국은 지난 22일 시카고 인근 듀페이지 카운티의 워터폴 글렌 숲보존지구에서 시신 한 구를 찾았으며 신원 확인 결과, 미국 유나이티드항공의 글로벌 판매 담당 선임 부사장인 제이크 세폴리아(50)로 판명됐다. 경찰은 세폴리아 부사장이 우거진 숲의 나무에 매달려 있었다며 ""현장 인근은 앞서 수색 작업이 반복적으로 이뤄진 곳""이라고 전했다. 이어 ""현장에서 그의 지갑과 운전면허증, 개인 소지품 등이 든 배낭을 수거했으며 옷차림도 실종 당시 입고 있던 대로""라고 부연했다.  부검을 실시했으나 직접적인 사망 원인이나 사망에 이른 방법 등은 아직 규명되지 않았다. 현장 수사관은 타살 가능성은 없는 것으로 추정했고, 경찰은 사망 경위에 대한 수사를 계속하고 있다고 밝혔다. 세폴리아 부사장은 작년 8월 6일 저녁, 시카고 교외도시 엘름허스트의 자택을 나선 후 연락이 두절됐고 이틀 후인 8일 관할 경찰에 실종 신고가 접수됐다. 글로벌 기업 고위 간부의 의문스러운 실종은 언론의 주목을 받았고, 대대적인 수색 작업이 전개됐다.  결국 경찰은 자택으로부터 약 30km 떨어진 워터폴 글렌 숲 보존지구 입구서 그의 차를 발견했다.  이후 수백 명의 자원봉사자들과 수색견, 인근 지역 경찰까지 동원돼 10㎢에 달하는 숲 보존지구를 뒤졌으나 성과가 없었다. 세폴리아 부사장은 기혼이며 두 자녀가 있는 것으로 알려졌다. 그는 영국항공, 노스웨스트항공을 거쳐 2007년 유나이티드항공에 영입됐으며 미국내 판매 담당 부사장으로 일하다 2018년 글로벌 판매망을 총괄하는 선임 부사장에 올랐다.  유나이티드항공 측은 이날 성명을 통해 세폴리아 부사장에 대한 애도를 표하고 가족들을 위로했다. 가족들은 이번 사건에 대한 입장을 밝히지 않았다. chicagorho@yna.co.kr 저작권자(c)연합뉴스. 무단전재-재배포금지",https://v.daum.net/v/20211026115224556
20211026,"""급매라도 잡아야 하나""..다급해진 무주택자들 한숨도 못 잤다"," ""가계부채 대책이 실행되기 전에 급매라도 잡아야 하나요?"", ""내년부터 시행이면 남은 연말까지 집을 구해야 대출이 가능하다는 얘기네요"", ""이에 예외사항이 들어가는지 좀 봐주세요"", ""어젯밤에 한 숨도 못 잤습니다""…. 26일 금융당국이 내놓은 가계부채 보완 대책에 따라 ‘대출 한파’가 예고되면서 내 집 마련을 앞둔 사람들의 고민이 깊어지고 있다. 대책이 나오기 전부터 이미 부동산 온라인 커뮤니티를 통해 대출 규제와 관련한 내용이 퍼지면서 수요자들 사이에선 ""집 구하기 더 어려워질 것""이라는 조바심이 커지는 분위기다. 금융당국은 이날 가계부채 보완 대책에서 소득 수준에 따라 대출 한도를 제한하는 총부채원리금상환비율(DSR) 규제를 내년 1월부터 조기에 확대 시행하는 방안 등을 내놓았다. 지난 7월 시행된 1단계 ‘개인별 DSR 40%’ 적용 대상은 ‘규제지역’(투기지역·투기과열지구·조정대상지역)의 시가 6억원 초과 주택에 대한 담보대출과 1억원 초과 신용대출이다. 2단계는 집값과 상관없이 총대출액이 2억원을 넘으면 DSR 40% 규제가 적용된다. 2단계는 당초 내년 7월부터 시행할 예정이었으나 내년 1월로 앞당겨졌다. 총 대출액 1억원 초과 시 적용하는 차주 단위 DSR 3단계도 2023년 7월에서 2022년 7월로 조기 시행될 전망이다.  예컨대 연소득 5000만원에 5000만원 한도의 마이너스통장을 가진 대출자는 조정대상지역의 6억원짜리 아파트를 담보로 주택담보대출을 신청하면 최대 3억원까지 대출을 받을 수 있다. 현재 6억원 초과 주택에 한해서만 개인별 DSR 40% 규제가 적용하는 만큼 이 주택의 경우 LTV 50%(3억원) 규제가 적용되기 때문이다. 하지만 내년 7월부터 적용할 예정이던 DSR 2단계 규제가 앞당겨지면 주택담보대출 한도는 1억6000만원 가량으로 1억4000만원 줄어든다. 주택담보대출 규모가 크게 줄어드는 ‘대출 한파’가 몰아닥치면서 시장에선 긴장하는 분위기다. 부동산 등 자산가격이 급격히 상승한 상황에서 갑작스럽게 대출이 줄어들면 내 집 마련은 그야말로 '그림의 떡'이기 때문이다. 최근 집값이 주춤한 분위기에 매물을 알아보려는 무주택자들이나 갈아타기를 고려했던 실수요자들 사이에서는 공포감이 확산되고 있다. 특히나 온라인 부동산 커뮤니티와 각종 SNS상에서 정부의 가계부책 대책과 관련한 뉴스가 전날 유출됐다. 금융당국의 발표에 앞서부터 내 집 마련을 앞둔 사람들의 불안감이 빠르게 번지고 있다. 한 부동산 커뮤니티에는 '이번 대출규제 관련 질문입니다', '저는 대출 나올까요'등 각자 상황에 따른 실수요자들의 문의글이 쏟아졌다. 주로 자신이 받을 수 있는 주택담보대출이 얼마나 줄어드는지를 알아보려는 내용이다. 일부 수요자들 사이에선 ‘DSR 규제가 나오기 전에 눈여겨 보던 단지가 있으면 얼른 계약서를 쓰고 계약금을 지불하라’는 조언이 나오기도 했다. 최근 주택매매를 하고 있는 무주택자 김모 씨는 “실수요자들에 한해 일부 대출 한도를 늘려주겠다는 발표를 한지 몇 개월이 안돼 다시 돈줄을 막아버리면 잔금 일정 등을 어떻게 진행하라는 얘기냐”며 “대책이 나오는 걸 보고 시행 전에 최대한 계약을 마무리하려 한다. 매도인과 협의해 잔금일을 앞당길지 고민 중”이라고 불만을 토로했다.  정부가 대출규제에 대한 가능성을 계속 내비치면서 최근 청와대 국민청원 게시판에도 관련 글이 속속 올라오는 중이다. 정부의 대출 규제로 인해 당장 잔금을 못 치르게 생겼다며 피해를 호소하는 글도 적지 않게 게재돼 있다. 이 중 한 청원인은 '문재인 정부의 실수요자는 누구입니까? 저는 투기꾼입니까?‘라는 글을 통해 그는 “주먹구구식으로 대출 총량 규제한다고 다 막았다가 전세수요자와 신축아파트 집단대출 실수요자 분들의 원성이 높으니 그것만 조금 풀었다”며 “상반기에 집 산 사람은 대출이 가능하고 하반기에 산 사람은 안 된다”고 지적했다. 그러면서 ""전세 사시는 분들만, 신축 아파트 잔금 치루는 분들만 실수요자인가""라며 ""돈이 없어 신축은 꿈도 못 꾸고 구축 아파트 매수했는데 투기세력이라고 할 수 있느냐""고 반문했다. 한 30대 직장인 박모 씨도 ""올해 말 실거주 요건을 채우기 위해 내 집에 들어가야하는 상황인데, 전세퇴거자금대출이 나올지 여부가 확실치 않아 불안한 상황""이라며 ""정부가 규제를 이리 바꿨다 저리 바꿨다하니 너무 혼란스럽다""고 털어놨다. 이에 대해 전문가들은 DSR 규제의 조기 시행이 한계에 다다른 가계부채 관리를 위해 불가피하다면서도 최상의 정책 효과를 위한 촘촘한 대책을 주문했다. 이은형 대한건설정책연구원 책임연구원은 “가계대출이 급격히 늘어날 때 (대출 규제 등) 일정 수준의 제어장치를 두는 것은 미래시점에 언제 발생할지 알 수 없는 돌발 상황에 사전적으로 대응할 수 있는 포석”이라면서도 “DSR 제도의 실효성을 제고하겠다는 등의 목표와 ‘서민·실수요자를 보호’하겠다는 내용이 일부 상충하는 면이 있다”고 말했다. 안혜원/이송렬 한경닷컴 기자 anhw@hankyung.com Copyrights 한경닷컴, 무단 전재 및 재배포 금지",https://v.daum.net/v/20211026112705325
20211026,"[최영일의 시사본부] 홍준표 ""김종인, 경선서 만날 필요 없고 만나자고 연락한 일도 없어"""," - 김종인과 만남 거절당했다는 것은 거짓말 - 김종인, 경선에서 만날 생각 없어 - 여론조사 문항 사지선다형 확정, 상식에 맞는 결정 - 尹, 국정수행 능력 어려움 많을 것...尹 상대로 정책 토론 상당히 어려워 - 尹보다 경쟁률 높은 현재 흐름, 앞으로 차이 더 벌어질 것 - 文-이재명, 녹취 필요 없는 춘추관에서 만나...기록 안 남기겠다는 은밀한 회동- 대장동 비리 주범은 '설계자'...대통령 되면 여야 불문하고 감옥 보낼 것 ■ 인터뷰 자료의 저작권은 KBS 라디오에 있습니다.  인용보도 시 출처를 밝혀주시기 바랍니다.■ 프로그램명 : 최영일의 시사본부■ 방송시간 : 10월 26일 (화) 12:20-13:56 KBS1R FM 97.3 MHz■ 진행 : 최영일 시사평론가 ■ 출연 : 홍준표 의원 (국민의힘 대선 경선 후보) ▷ 최영일 : 10분 동안 정말 자세한 내용을 십분 추려서 말씀드리는 <십분 인터뷰>입니다. 여론조사 문항부터 토론회, 망언, 막말 리스트. 국민의힘 본 경선이 가까워지면서 후보들 간 공방 거칠어지고 있는데요. 국민의힘 대선 후보 선출 투표일까지 6일 정도 남았습니다. 필승 전략은 무엇일지 오늘은 홍준표 후보를 직접 연결해서 얘기 들어보겠습니다. 홍 후보님 안녕하세요.  ▶ 홍준표 : 안녕하세요.  ▷ 최영일 : 저희 시사본부 시작하기 직전에 오늘 경선 룰 결정이 잘되겠나 하는 우려가 있었는데 속보가 나왔지 않습니까?  ▶ 홍준표 : 그렇습니다.  ▷ 최영일 : 후보님 그 내용에 합의하신 건가요?  ▶ 홍준표 : 합의 여부가 아니고 그건 뭐 사지선다형으로 하는 것으로 확정이 됐죠.  ▷ 최영일 : 사지선다형 주장하셨고.  ▶ 홍준표 : 그게 맞죠. 그게 맞죠.  ▷ 최영일 : 기존에 했던 방식이고.  ▶ 홍준표 : 그게 상식에 맞는 것이 당원 투표도 한 번 하는데 여론조사 투표를 네 번 하게 해서는 말이 안 되죠.  ▷ 최영일 : 그래서 한 번 하는 것이다?  ▶ 홍준표 : 그렇습니다.  ▷ 최영일 : 그렇죠. 기호대로 네 분의 후보가 쭉 있고 한 명을 찍는 거죠, 보통. ▶ 홍준표 : 그렇죠.  ▷ 최영일 : 그래서 사지선다형을 주장하셨는데 윤석열 후보 캠프 쪽에서는 1:1 가상 양자 대결로 하자 이런 입장이어서. ▶ 홍준표 : 아니, 그게 상식에 반하죠.  ▷ 최영일 : 상식에 반한다. 그런데 이제 조금 전의 속보는 조금 혼동스럽습니다. 왜냐하면 1:1 가상 대결을 4명 사지선다로 한 번에 물어본다 이렇게 기사가 나와서 이게 어떻게 혼용된 건가 좀 궁금한데.  ▶ 홍준표 : 아니, 그게 한 번에 물어보는 건 똑같죠.  ▷ 최영일 : 그게 결국은 사지선다로 받아들이시는 거죠?  ▶ 홍준표 : 그렇습니다.  ▷ 최영일 : 알겠습니다. 그러면 홍 후보님은 이제 오늘 선관위 결정에는 만족하시는 거고요?  ▶ 홍준표 : 만족, 불만족이 아니고 그게 상식에 맞는 거죠.  ▷ 최영일 : 상식에 맞는 결정이다 이렇게 얘기해주셨습니다. 어제 이제 충청권 TV 토론회가 있었습니다. 저도 이제 한 90분 전체 다 보고 있었는데 ‘약간 좀 기존의 토론보다는 맥이 빠졌다’, ‘재미가 없었다’ 이런 평들이 많습니다. 이게 윤석열 후보가 단답형 답변을 많이 했고요. 또는 좀 심사숙고하는 표정, 머뭇거리는 태도, 조금 대답도 느렸고. 좀 구설이 계속되다 보니까 전략을 바꾼 건가 하는 느낌도 들었는데 어제 상대하셨으니까 홍 후보님께서는 좀 윤 후보의 태도 어떻게 느끼셨습니까?  ▶ 홍준표 : 윤 후보는 지금 정치한 지 얼마 안 돼서 국정 수행 능력이나 정책 담당 능력에 있어서는 상당히 어려움이 많을 겁니다. 그래서 여태 윤 후보를 상태로 정책 토론하기가 상당히 어렵습니다.  ▷ 최영일 : 정책 토론 어렵다?  ▶ 홍준표 : 그래서 그런 점 감안해서 어제 토론을 했는데 그게 이제 도덕성 검증은 지난번에 한 번 했기 때문에 정책 토론회로 이제 한번 하니까 국민들이나 당원들이 보기에는 싱겁죠.  ▷ 최영일 : 싱거웠을 것이다.  ▶ 홍준표 : 네, 괜찮습니다. 그 정도로 하는 게 맞습니다.  ▷ 최영일 : 개인 도덕성은 검증을 했고 어제는 정책 중심이었는데 윤 후보는 정책 토론은 어렵다. 어제 유승민 후보가 플랫폼 노동자에 대한 얘기를 물어보니까 상당히 좀 생각을 깊이 하면서 “앞으로 고용보험을 뭐 도입해야 하지 않겠나 싶지는 않지만...” 이런 답변을 하는데 홍 후보님 모습이 카메라에 잡혔는데 좀 회심의 미소를 띠고 계셨어요. 혹시 그때 무슨 생각하셨습니까?  ▶ 홍준표 : 제가 그랬습니까?  ▷ 최영일 : 네, 네.  ▶ 홍준표 : 그거는 동문서답한 거죠.  ▷ 최영일 : 아니, 말씀하신 대로 지금 올해부터 이미 특수고용 노동자에게 고용보험 적용이 시작됐어요. 그런데 앞으로 이거를 도입할 것이다라고 얘기하는 게 좀 이제...  ▶ 홍준표 : 그게 동문서답한 거죠.  ▷ 최영일 : 동문서답이다 이렇게 얘기하셨습니다. 어제 깜짝 여론조사 결과가 나왔습니다. 이재명 후보와 가상 양자 대결 오차범위 밖에서 윤석열 후보보다 홍준표 후보가 더 경쟁력이 있다 이런 결과였는데 많은 언론에서 ‘깜짝’이라고 얘기를 했어요. 홍 후보님은 어떻게 분석하고 계세요?  ▶ 홍준표 : 그거는 흐름상 그렇죠. 지금 아마 아직도 경선을 앞두고 계속 여론조사가 나올 겁니다.  ▷ 최영일 : 네, 그렇죠.  ▶ 홍준표 : 그런데 지금 흐름이 그렇게 되죠. 흐름이 그렇게 되는데 그거는 깜짝 여론조사라고 하기는 좀 그렇습니다. 여태 흐름이 이제 쭉 그렇게 이어져 왔으니까. 아마 시간이 지나면 조금 더 차이가 벌어질 겁니다.  ▷ 최영일 : 그러면 홍 후보님 최근에 “윤석열 후보는 위험이 한가득이다.” 이런 말씀도 하셨는데 시간이 흐르면 이제 윤석열 후보의 단점이 드러나고 홍 후보님의 강점이 부각될 것이다 이렇게 이 흐름이 맞다고 보시는 거예요?  ▶ 홍준표 : 지금 흐름이 그렇지 않습니까. ▷ 최영일 : 추석 명절 전에 골든크로스 하신다고 했는데 지금 양강 구도입니다.  ▶ 홍준표 : 그거는 추석 전에 2주 전에 이제 그게 나오기 시작했죠. 그래서 그 상태가 지금 계속 유지되고 있는 거 아닙니까. ▷ 최영일 : 지금 여론조사를 잠깐 언급했기 때문에 이 말씀을 드려야겠네요. 민주당 이재명 후보가 34.9%, 국민의힘 홍준표 후보가 35.6%, 정의당 심상정 6.3%, 국민의당 안철수 5.2% 이렇게 나온 결과고요. 윤석열 후보가 나오면 이재명 후보가 37.3%, 윤석열 후보가 31.1%. 그래서 이게 지금 홍 후보님의 경쟁력이 높게 나온 어제 여론조사인데 이게 MBC의 의뢰로 지난 23일, 24일 이틀간 전국의 만 18세 이상 남녀 1,003명 대상으로 4자 대결을 조사한 겁니다. 자세한 사항은 중앙선거여론조사심의위원회 홈페이지 참조하시면 되고요. 홍 후보님, 오늘 오전 11시에 지금 본선 주자로 확정된 이재명 후보 오늘 예비 후보 등록을 했고요. 문재인 대통령과 청와대에도 회동하지 않았습니까? 어떻게 보셨어요?  ▶ 홍준표 : 부적절합니다.  ▷ 최영일 : 부적절하다?  ▶ 홍준표 : 그게 왜 부적절하느냐 하면 아마 회동 장소가 춘추관으로 돼 있을 겁니다.  ▷ 최영일 : 상춘재 이렇게 나오기는 했는데요.  ▶ 홍준표 : 본관이 아니고. 그런데 본관에서 하면 대통령기록물관리법상 의무적으로 녹취를 해야 합니다. 그런데 춘추관에서 하면 녹취를 할 필요가 없거든요, 거기가 밖에서 이 별관 이쪽 나와서 하면. 그러니까 기록을 안 남기겠다는 은밀한 회동이죠.  ▷ 최영일 : 은밀한 회동이다?  ▶ 홍준표 : 그거는 맞지 않는 게 우선 회동 장소도 맞지 않고 기록을 안 남기겠다는 그 의도도 알 수가 없는 게 대장동 비리의 주범으로 몰려 있는 사람이 대통령을 지금 만나서 둘이 무슨 말을 하는지 아무도 몰라요. 그거는 역사의 기록에도 안 남아요. 그거는 말이 안 되죠. 그거는 본관에서 만나서 역사의 기록물로 남겨놔야죠. 그거는 나는 아마 국민들은 그 내용을 잘 모를 거예요. 그런 식으로 만나서 둘이 어떻게 짬짜미 하는지 국민들이 어떻게 알아요. 지금 이재명 지사는 대장동 비리의 주범으로 몰려 있습니다. 몰려 있는 사람하고 대통령이 만나서 어떤 짬짜미를 하는지 국민들 모르게 자기들이 무슨 말했는지 어떻게 또 밀약을 했는지 국민들이 모르지 않습니까?  ▷ 최영일 : 지금 공개적으로...  ▶ 홍준표 : 그거는 대통령으로서 아주 부적절한 행동이에요.  ▷ 최영일 : 부적절하다 이렇게 언급해주셨어요.  ▶ 홍준표 : 부적절한 행동. ▷ 최영일 : 그래서 지금 이제 사실 공개해서 만나서 50분 회동이 있었던 걸로 보도는 나왔는데 이게 본관이면 녹취가 되지만 외부 별관이기 때문에 녹취가 되지 않는다. 그래서 어떤 은밀한 짬짜미가 있었는지 알 수 없다. 대장동 수사 라인에 있기 때문에 이것은 적절치 못하다 이렇게 얘기를 해주셨어요. 야당이 계속 지금 말씀하신 대목, 청와대가 대장동 수사에 가이드라인 주는 것 아니냐 이런 비판을 하고 있고 특검 주장하고 있는데요. 지금 한 가지 오늘 뉴스의 쟁점이 이런 겁니다. 성남도시개발공사의 황무성 전 사장이 녹음했다는 음성 파일이 나온 건데요. 지금 거기서는 “계속 압박을 받고 물러날 수밖에 없었다.”는 입장이고 이재명 후보는 “왜 그만두는지 의아했다. 그런 상황은 알지 못한다.” 이렇게 이제 부인을 했는데 혹시 황무성 녹취록에 대해서 들어보셨습니까?  ▶ 홍준표 : 모든 어떤 말을 하더라도 대장동 비리의 주범은 대장동 그거를 설계한 사람입니다.  ▷ 최영일 : 설계자다?  ▶ 홍준표 : 설계자가 주범이죠. 그러면 설계자가 누구입니까? 그거는 갑론이고 뭐고 따질 필요가 없어요. 비리 구조를 설계한 사람이 그게 주범이죠. 그것만 딱 보면 수사 방향이 바로 나오는데 어떻게 자기들끼리 그거 은폐하려고 하면 되겠습니까? 제가 대통령이 되면 그거는 관련자뿐만 아니라 여야를 불문하고 그거는 감옥에 보냅니다. 그거는 정치 보복도 아니에요. 민생 비리예요.  ▷ 최영일 : 그래서 지난주 국정감사에서 국토위 국감에서 심상정 의원이 이게 뭐 돈 받은 자가 범인인데 설계한 자는 죄인이다 이렇게 이제 주장을 했는데 이게 이재명 당시 경기지사였죠, 어제부로 그만뒀습니다만. 그때 답변은 ‘이게 도둑질을 설계했으면 도둑인데 자신은 공익 환원을 설계했으니까 착한 사람이다.’ 이런 취지의 답변을 해요. 그래서...  ▶ 홍준표 : 참. ▷ 최영일 : 네, 말씀하세요.  ▶ 홍준표 : 어이가 없는 게 그 공익 환수라는 것도 국민들이 잘 몰라서 그러는데 그게 어느 개발 단계에서도 공공용지를 기부채납을 받습니다. 학교도 학교부지도 받고 도로부지, 공원부지 전부 기부채납을 받습니다.  ▷ 최영일 : 터널, 다리.  ▶ 홍준표 : 그거는 공공 환수를 하는 게 아니고 그런 개발할 때는 당연히 그거는 하도록 돼 있습니다. 내 경남지사를 해봤습니다.  ▷ 최영일 : 그러셨죠.  ▶ 홍준표 : 자치단체장을 해봤습니다. 그거는 공공 환수가 아니죠. 기부채납을 받는 겁니다.  ▷ 최영일 : 기부채납은 다 하는 것이다?  ▶ 홍준표 : 그것은 국민들이 모른다고 공공 환수라고 거짓말을 하고 다니니 그거 기가 막힐 노릇 아니에요.  ▷ 최영일 : 그것은 치적이나 성과가 아니다.  ▶ 홍준표 : 그리고 그걸 언론에서 묻지도 않더라고. 공공 환수의 내용이 어떠냐 한번 물어보십시오.  ▷ 최영일 : 알겠습니다.  ▶ 홍준표 : 그 말도 안 되는 변명을 지금 아무도 언론에서 그걸 취재를 안 하더라고.  ▷ 최영일 : 하지만 뭐 야당 의원들이 지금 하신 말씀은 또 국감장에서 많이 반론을 펴기도 했습니다. 또 다른 이슈를 하나 여쭤볼게요. 지금 제일 큰 이슈가 대장동 의혹 때 고발사주 의혹 아니겠습니까? 홍 후보님 검사 출신이시잖아요. 그러다 보니까 이 고발사주 의혹의 손준성 검사가 지금 이 시간도 구속영장 실질심사를 아직 받고 있는 것 같습니다. 공수처의 사전 구속영장 청구, 손준성 검사에 관한. 어떻게 보고 계세요?  ▶ 홍준표 : 그걸 정치탄압 뭐 이런 식으로 몰고 가는 건 부적절하다는 게 직전 검찰총장을 하셨던 분입니다.  ▷ 최영일 : 윤석열 후보가요?  ▶ 홍준표 : 네, 네. 아니, 자기 관련된 모든 사건, 부인 사건도 그렇고 장모 사건도 그렇고 본인 사건도 그렇고 그것을 전부 정치탄압으로 몰고 가버리면 자기가 검찰에 있을 때 한 걸 전부 부정하는 것 아닙니까? 그거 아니죠. 그거는 그런 식으로 접근하는 것은 올바르지 않죠. 그게 일반 정치인이라면 그럴 수 있겠다 하지만 직전 검찰총장을 하셨던 분입니다. 그런데 그분이 자기 관련되는 건 전부 정치탄압으로 그런 식으로 호도를 한다면 그러면 직전 검찰총장을 하셨던 자기가 검찰총장 할 때의 검찰 전체를 부정하는 것 아닙니까. 그렇죠?  ▷ 최영일 : 윤석열 후보가 이것을 정치탄압이라고 주장하는 것은 잘못된 것이다.  ▶ 홍준표 : 그거는 일반 정치인이 한다면 내가 이해를 하지만 직전 검찰총장이 자기가 속했던 검찰 조직을 향해서 정치탄압이라고 주장하는 것은 자기가 검찰에 있을 때 모든 수사를 전부 정치 수사로 똑같이 취급하는 거 아닙니까. 그것은 옳지 못하죠.  ▷ 최영일 : 알겠습니다. 지금 홍 후보님은 뭐 대장동 의혹이나 고발사주 의혹이나 다 법대로 엄중하게 해야 한다 그런 얘기, 정치적인 이슈가 아니다 이렇게 이제 얘기해주셨어요.  ▶ 홍준표 : 그렇죠. 정치적인 이슈로 끌고 가니까 지금 문제가 되는 것이죠. 그건 사법적인 팩트 문제입니다.  ▷ 최영일 : 사법적 팩트.  ▶ 홍준표 : 팩트가 확인되면 대통령도 거기 벗어날 수가 없어요.  ▷ 최영일 : 네, 알겠습니다. 그러면 후보님 이번에 이제 시간이 거의 다 됐는데 정치적인 이슈를 좀 여쭤볼게요. 지금 김종인 전 비대위원장의 움직임이 연일 보도되고 있는데 이준석 당대표가 누가 후보가 되든 김종인 전 위원장이 선거 작전 지휘를 해야 한다 이런 입장도 좀 나오고 있어요. 어떻게 보세요?  ▶ 홍준표 : 거기에 일부 윤석열 후보 측의 이상한 사람이 나가서 “내가 뭐 김종인하고 만나려고 했는데 거절당했다.” 그런 거짓말도 하는데. ▷ 최영일 : 네, 네. 맞아요. 그거는 사실관계는 어떻습니까?  ▶ 홍준표 : 그런 거짓말도 하는데. ▷ 최영일 : 거짓말입니까?  ▶ 홍준표 : 김종인 위원장은 경선에는 관련이 없는 사람입니다. 경선에 도움을 받으면 영남의 보수층들이 전부 싫어해요. 그래서 경선에는 김종인 위원장을 만날 필요도 없고 제가 만나자고 연락한 일도 없습니다.  ▷ 최영일 : 연락한 일이 없다?  ▶ 홍준표 : 참모들이 걱정되니까 만나보라고 계속 종용을 해도 저는 경선에는 만날 생각이 없습니다.  ▷ 최영일 : 만날 생각 없고 연락도 없었다? 그러면 지금 ‘홍준표 후보는 독대를 거절당했는데’ 이런 얘기는 윤석열 캠프 관계자들의 거짓말이다 이렇게 보시는 거예요?  ▶ 홍준표 : 그런 거짓말은. 아, 그 거짓말을 어디 그 사람이, 김경진인가 그 사람이 민주당 출신 아닙니까. ▷ 최영일 : 김경진 전 의원이요. 국민의당 의원이었죠.  ▶ 홍준표 : 그거 이상하게 넘어와서 지난번에도 거짓말해서 당혹스럽게 하더만 그 검사까지 한 사람이 그런 거짓말로 떠들고 다니면 안 되죠.  ▷ 최영일 : 그러네요. 알겠습니다.  ▶ 홍준표 : 양심의 문제지.  ▷ 최영일 : 홍 후보님 궁금한 게 너무 많은데 오늘 시간이 다 돼서 여기까지 하고요. 다음에 또 경선 전후해서 연결드리도록 하겠습니다. 오늘 말씀 고맙습니다.  ▶ 홍준표 : 네, 네.  ▷ 최영일 : 지금까지 홍준표 국민의힘 대선 경선 후보와 얘기 나눴습니다.  KBS 저작권자ⓒ KBS(news.kbs.co.kr) 무단복제-재배포 금지",https://v.daum.net/v/20211026151710185
20211026,[4보] 노태우 전 대통령 사망..향년 89세," (서울=연합뉴스) 이준서 기자 = 대한민국 제13대 대통령을 지낸 노태우 전 대통령이 26일 숨졌다. 향년 89세.  지병으로 오랜 병상 생활을 해온 노 전 대통령은 최근 병세 악화로 서울대병원에 입원, 의료진의 집중 치료를 받았지만, 끝내 회복하지 못하고 삶을 마감했다. 1932년 12월4일 경북 달성군 공산면 신용리(현 대구 동구 신용동)에서 면 서기였던 아버지 노병수와 어머니 김태향의 장남으로 태어난 노 전 대통령은 경북고와 육군사관학교를 졸업하고 보안사령관, 체육부·내무부 장관, 12대 국회의원, 민주정의당 대표를 지냈다.  노 전 대통령은 육군 9사단장이던 1979년 12월12일 육사 11기 동기생인 전두환 전 대통령을 중심으로 한 신군부 '하나회' 세력의 핵심으로서 군사쿠데타를 주도했다.  쿠데타 성공으로 신군부의 2인자로 떠오른 노 전 대통령은 수도경비사령관, 보안사령관을 거친 뒤 대장으로 예편, 정무2장관으로 정계에 입문했다. 이어 초대 체육부 장관, 서울올림픽조직위원장, 민정당 대표를 거치면서 군인 이미지를 탈색하고 정치인으로 변신했다.  5공화국 말기 전두환 전 대통령을 이을 정권 후계자로 부상, 1987년 6월10일 잠실실내체육관에서 치러진 민정당 전당대회에서 대통령후보로 지명됐다. 1987년 6월 민주화 항쟁의 성과물로 대통령 직선제 개헌이 이뤄져 야당으로의 정권교체 가능성이 부상했지만, 노 전 대통령은 야권 후보 분열에 따른 '1노(盧)3김(金)' 구도의 반사 이익을 보면서 같은 해 연말 대선에서 김영삼, 김대중, 김종필 후보를 누르고 대통령에 당선됐다. '보통사람 노태우'를 슬로건으로 내건 노 전 대통령은 직선 대통령에 선출된 뒤 민주주의 정착과 외교적 지위 향상, 토지공개념 도입 등 경제 발전에 이바지한 것으로 평가받고 있다.  퇴임 후 노 전 대통령은 12·12 주도, 5·18 광주 민주화운동 무력 진압, 수천억 원 규모의 비자금 조성 등의 혐의로 전 전 대통령과 함께 수감됐고 법원에서 징역 17년형과 추징금 2천600억여 원을 선고받았다. 1997년 12월 퇴임을 앞둔 김영삼 대통령의 특별사면 조치로 석방됐지만, 오랫동안 추징금 미납 논란에 시달리다가 지난 2013년 9월에야 뒤늦게 완납했다. 유족으로는 부인 김옥숙 여사와 딸 소영, 아들 재헌이 있다. 소영 씨와 이혼 소송 중인 최태원 SK 그룹 회장이 사위이다. lkw777@yna.co.kr  저작권자(c)연합뉴스. 무단전재-재배포금지",https://v.daum.net/v/20211026144131627
20211026,내달부터 4차례 외식하면 1만원 환급..온·오프라인 병행,"기사내용 요약 농식품부, 단계적 일상회복 맞춰 외식 쿠폰 확대 잔여 예산 180억 배정, 신용카드·지역화폐 참여    [세종=뉴시스] 오종택 기자 = 코로나19 장기화로 배달 어플리케이션(앱)으로만 진행했던 외식 할인 지원이 위드 코로나(단계적 일상회복)에 맞춰 오프라인에서도 재개된다. 농림축산식품부는 코로나19 상황에 따라 비대면으로 진행해왔던 외식 할인 지원 사업을 단계적 일상회복 시점에 맞춰 대면까지 확대한다고 26일 밝혔다. 정부는 지난해부터 코로나19 피해가 컸던 대면업종 중심으로 소비 진작을 위해 소비쿠폰을 도입했다. 확산세가 지속되면서 1년 가까이 사업이 중단됐지만 외식 분야는 배달앱을 통한 비대면 방식을 도입해 다른 분야에 비해 예산 집행률이 높았다.  1000억원의 관련 예산 중 82%를 소진한 상황에서 잔여예산 180억원(신용카드 155억원, 지역화폐 25억원)을 지원한다. 선착순 환급해 예산이 모두 소진되면 종료된다. 외식 할인 지원은 신용카드사와 지역화폐에서 외식업소 방문 또는 배달앱을 통한 실적 달성을 확인한 뒤 환급하는 방식으로 진행된다. 신용카드나 지역화폐로 응모한 후 외식업소를 방문하거나 사업 참여 배달앱을 통해 2만원 이상(최종 결제금액 기준) 총 4차례 사용하면 다음 달 카드사에서는 1만원 환급 또는 청구할인 받는다.카드사 또는 지역화폐별 1일 최대 2회까지 실적이 인정된다. 기존 신용카드 사업 참여자(793만명)는 누적 실적을 인정한다. 1~2차 사업 동안 신용카드로 응모해 2만원 이상 2차례 주문·결제했다면 이번에 사업 재개 후 2차례만 더 결제해도 1만원을 환급 받는다. 이번 외식 쿠폰 사업에는 총 22개(공공 13, 공공·민간 혼합 3, 민간 6개) 배달앱 업체가 참여한다. 지역화폐는 서울시 25개 자치구와 인천, 경기 등 76개 지자체가 참여할 예정이다. 구체적인 결제 실적 확인 등은 카드사 또는 지역화폐를 통해서, 배달앱 이용 및 주문 확인 등은 해당 배달앱에 문의해야 한다. 농식품부 관계자는 ""외식 할인 지원사업에 대한 국민의 많은 관심과 참여 덕분에 외식업계 매출 회복에 큰 도움이 되고 있다""며 ""사업 범위가 대면까지 확대되는 만큼 예산 소진 속도가 빠를 것으로 예상된다""고 말했다. ☞공감언론 뉴시스 ohjt@newsis.com  ⓒ 공감언론 뉴시스통신사. 무단전재-재배포 금지",https://v.daum.net/v/20211026140328017
20211026,"만취한 20대 여경, 오토바이 타고 상관 집에 돌 던져"," [이데일리 송혜수 기자] 현직 20대 여성 순경이 만취 상태로 오토바이를 몰고 상관의 집을 찾아가 돌을 던지는 일이 발생했다.  경찰에 따르면 서귀포경찰서 소속의 파출소에서 근무하던 A 순경은 지난 24일 오후 9시 51분께 만취한 상태로 2㎞ 가량 오토바이 몰아 B 경위의 집에 찾아가 유리창에 돌을 던졌다.  다행히 A 순경이 던진 돌로 인한 실제 물적 피해 등은 없는 것으로 파악됐다. 당시 신고를 받고 출동한 경찰이 A 순경의 혈중알코올농도를 측정한 결과, 면허취소 수치 상태였던 것으로 확인됐다. 이후 경찰 조사에서 A 순경은 사건 당일 식사 자리에서 B 경위와 말다툼을 한 뒤 이 같은 범행을 저지른 것으로 드러났다. A 순경은 본서에서 근무하는 50대 남성 B 경위와 평소 집안끼리 교류가 있는 등 가까운 사이인 것으로 전해졌다. 경찰은 A 순경과 B 경위를 상대로 감찰을 진행하고, 정확한 사건 경위를 조사하고 있다. 송혜수 (ssong@edaily.co.kr)  ⓒ종합 경제정보 미디어 이데일리 - 무단전재 & 재배포 금지 ",https://v.daum.net/v/20211026112514250
20211026,제주도에 이런 비경이 있을 줄은 꿈에도 몰랐다,"2021년 9월의 제주 여행기입니다. <기자말> [노시경 기자]  안덕계곡 입구의 계곡을 내려가자 입구부터 색다른 느낌이 있다. 안덕면 감산리의 용천수인 생이물에서 샘물이 솟아오르고 있다. 감산리에 마을이 들어서게 된 역사를 만들어준 소중한 용천수이다. 듬직하게 생긴 돌하르방도 우리를 반기는데, 이 돌하르방은 제주의 다른 지역과 달리 마스크를 쓰고 있지 않아서 온전한 모습을 볼 수 있다. 나는 온몸이 정화되는 듯한 공기 속 계곡으로 들어갔다.   이 바위 그늘 집터는 제주도가 한반도의 통일국가에 복속되기 전, 탐라시대 후기에 사용되었던 동굴 주거지였다. 아치형 그늘 형태의 집터에서는 적갈색 토기와 곡물을 빻는 데 사용한 '공이돌'이 발견되어, 안덕계곡에 오래 전부터 사람들이 살았음을 알 수 있다.   그림 같은 기암절벽과 압도적인 계곡 풍경 조금 더 계곡 안으로 들어서자, 전혀 예상하지 못했던 압도적인 풍광이 나타난다. 천연기념물 제377호인 울창한 상록수림 지대 아래, 기암절벽이 병풍처럼 계곡 양쪽을 둘러싼 풍경이 눈앞에 나타났다.   이 곳은 바로 인기 드라마 <추노>와 <구가의 서> 촬영지로 유명한 곳이다. 조면암으로 형성된 육중한 바위는 마치 계곡을 지키는 장군처럼 우뚝 서 있는데, 이 절벽 바위를 'U'자형으로 돌아가는 계곡이 그렇게 멋질 수가 없다.     덧붙이는 글 | 오마이뉴스에만 기사를 올리고 있습니다. 앞으로 제주의 마을, 오름, 바다와 그 안에 깃들인 제주의 이야기들을 여행기로 게재하고자 합니다. Copyrights ⓒ '모든 시민은 기자다' 오마이뉴스, 무단전재 및 재배포 금지",https://v.daum.net/v/20211026101800620
20211026,윤석열 전두환 옹호·개사과 사진에 대구서도 '부글부글'," 대구에서도 윤석열 국민의힘 대선주자의 전두환 옹호 발언과 개사과 사진을 비판하는 목소리가 잇따르고 있다. 5·18구속부상자회 대구경북지부 등 42개 대구 시민단체는 26일 국민의힘 대구시당 앞에서 기자회견을 열어 “5·18 광주의 학살자 전두환을 비호하고 ‘개에게 준 사과’ 사진으로 국민을 우롱한 윤석열 대통령 예비후보는 즉각 사퇴하라”고 주장했다.  이들은 ‘윤석열은 과일 사과 말고 진짜 사과하라’고 쓴 손팻말을 들고 “윤석열은 사퇴하라”고 외쳤다. 이상술 5·18구속부상자회 대구경북지부 대표는 “윤 예비후보가 젊었을 때 학교 모의재판에서 전두환을 무기징역 판결했다고 하지만 당시 분위기에 휩쓸린 소영웅주의에 불과하다는 것을 그의 삶이 이야기한다. 반복된 실수는 그의 철학에 기반을 둔다. 이제 윤 예비후보는 국민에게 솔직히 정체를 드러내고 대통령 자리를 탐할 게 아니라 자신을 돌아보는 삶을 찾으라”고 말했다. 앞서 대구 정치권에서도 비판 논평을 잇달아 내놓았다. 진보당 대구시당은 “윤 예비후보는 당장 정계를 떠나라. ‘달빛동맹’(대구의 옛 이름인 ‘달구벌'과 광주 ‘빛고을'의 앞글자를 따 대구시와 광주시가 맺은 상생협력)처럼 광주와 화합하려고 노력하는 대구시민들에게도 윤 예비후보는 민폐다”고 주장했다.  더불어민주당 대구시당도 “윤 예비후보의 대권 도전은 시간 낭비다. 대구와 광주는 이제 머지않아 ‘달빛내륙철도’(대구와 광주를 잇는 철도)로 이웃사촌이 된다. 혐오의 정치로 갈라놓았던 흑역사를 걷어내고자 하는 대구·광주시민의 노력은 윤 예비후보의 야망에도 꺾이지 않을 것이다”고 주장했다. 한편 윤 예비후보는 지난 19일 부산에서 “전두환 전 대통령이 잘못한 부분이 있지만 군사 쿠데타와 5‧18만 빼면 정치는 잘했다고 말하는 분들이 많다. 호남에서도 그렇게 말하는 분들이 꽤 있다”고 말했다. 그는 곧 사과했지만 사회관계망서비스에서 반려견에게 사과를 주는 사진을 올려 ‘사과는 개나 줘라’는 해석을 낳으며 논란을 일으켰다. 글·사진 김규현 기자 gyuhyun@hani.co.kr ⓒ 한겨레신문사, 무단전재 및 재배포 금지 ",https://v.daum.net/v/20211026144603831
20211026,"[뉴시스Pic] 법원, '프로포폴' 이재용에 벌금 7천만원 선고.. ""자녀에 모범적 모습 보여달라""","  [서울=뉴시스] 류현주 기자 = 프로포폴 불법 투약 혐의를 받는 이재용 삼성전자 부회장이 7000만원의 벌금형을 선고 받았다. 26일 서울중앙지법 형사11단독 장영채 판사는 마약류 관리에 관한 법률 위반(향정) 혐의로 기소된 이 부회장에게 7000만원의 벌금형과 1702만원의 추징 명령을 선고했다. 장 판사는 ""피고인이 이 사건 자백하고 있고, 동종범죄 처벌 전력이 없고, 확정된 뇌물(죄)과 동시에 처벌 받았을 경우 형평 고려해 형 정했다""고 덧붙였다. 그러면서 ""자녀들에게 부끄럽지 않은 모범적 모습 보여달라""고 했다. 이 부회장은 2015년 1월31일부터 지난해 5월10일 사이 총 41회에 걸쳐 프로포폴을 불법 투약한 혐의를 받는다.              ☞공감언론 뉴시스 ryuhj@newsis.com  ⓒ 공감언론 뉴시스통신사. 무단전재-재배포 금지",https://v.daum.net/v/20211026132940728
20211026,노태우 전 대통령 서거.. 향년 89세," 노 전 대통령은 1932년 12월4일 경북 달성군 공산면 신용리(현 대구 동구 신용동)에서 면 서기였던 아버지 노병수씨와 어머니 김태향씨의 장남으로 태어났다. 공산초등학교와 대구공업중학교, 경북고등학교, 육군사관학교를 졸업했고 보안사령관, 체육부·내무부 장관, 12대 국회의원, 민주정의당 대표 등을 지냈다. 노 전 대통령은 육군 9사단장이던 1980년 12·12 사태 당시 쿠데타에 참여해 육사 11기 동기인 전두환 전 대통령을 중심으로 한 신군부 세력의 정권 장악을 적극적으로 도왔다. 노 전 대통령은 이를 계기로 신군부의 제2인자로 떠올랐다. 수도경비사령관, 보안사령관 등으로 초고속 승진을 거듭한 노 전 대통령은 대장으로 예편해 정무2장관, 초대 체육 장관, 서울올림픽조직위원장, 민정당 대표를 거쳐 정치인으로 변신했다.  하지만 내치에서는 13대 총선에서 헌정사상 최초의 여소야대 국회가 탄생해 취임 초부터 시련을 겪었다. 하지만 노 전 대통령은 1990년 민정당과 통일민주당, 신민주공화당의 3당 합당을 통해 정국을 ‘여대야소’로 재편했다. 그러나 거여 민주자유당의 계파 갈등으로 정국 주도권을 장악하지 못했다. 김영삼 전 대통령이 민정당 대선후보로 선출되자 노 전 대통령은 탈당 후 사상 첫 중립 내각을 출범시키기도 했다.  송민섭 기자 stsong@segye.com  ⓒ 세계일보 & Segye.com, 무단 전재 및 재배포 금지",https://v.daum.net/v/20211026143522387
20211026,"홍준표 ""이제 50% 넘겼다..이래도 엉뚱한 곳에서 후보 찾을 건가"""," (서울=뉴스1) 최은지 기자 = 홍준표 국민의힘 대선 경선 후보가 이재명 더불어민주당 대선후보와의 가상 양자대결에서 50%를 넘긴 지지율로 앞선 여론조사 결과가 26일 나왔다. 홍 후보는 이 여론조사 결과에 대해 자신의 SNS에 ""이제 50%를 넘겼다""라며 ""압도적으로 이기는 후보를 두고 이래도 엉뚱한 곳에서 후보를 찾으시겠나""라고 말했다. 여론조사업체 여론조사공정㈜이 데일리안 의뢰로 지난 22~23일 실시한 정례조사 결과 홍 후보와 이재명 후보의 가상 양자대결에서 홍 후보는 50.9%, 이 후보는 35.3%로 나타났다. 격차는 15.6%포인트(p)로 오차범위(95% 신뢰수준에 ±3.1%p) 밖이다. 윤석열 후보와 이재명 후보와의 양자대결에서는 윤 후보가 45.9%, 이 후보가 39.1%로 나타났다. 두 후보 간 격차는 지난주 12.8%p에서 6.8%p로 줄었다. 국민의힘 대선 후보 예측도 조사에서도 홍 후보는 38.6%의 지지율로 지난 조사와 같았지만, 윤 후보가 34.8%로 지난 조사 대비 2.7%p 하락했다. 지난 19일 전두환 미화 발언과 21일 '개 사과' 논란이 영향을 미친 것으로 보인다.  유승민 후보는 지난 조사 대비 2.6%p 상승한 5.8%, 원희룡 후보는 1.4%p 상승한 3.8%였다. 자세한 내용은 중앙선거여론조사심의위원회 홈페이지를 참조하면 된다. silverpaper@news1.kr  Copyright ⓒ 뉴스1코리아 www.news1.kr 무단복제 및 전재 – 재배포금지",https://v.daum.net/v/20211026110647295
20211026,"이재명 ""지난 대선 때 모질게 해 사과"" 文대통령 ""이제 그 심정 아시겠죠""","이재명 더불어민주당 대선 후보가 26일 문재인 대통령에게 지난 대선 당내 경선과 관련해 “제가 모질게 한 부분이 있었던 것에 대해서는 사과한다”고 했다. 문 대통령은 “이제 1위 후보가 되니까 그 심정 아시겠죠”라며 화답했다.  이 후보는 이날 오전 11시부터 50분간 청와대 상춘재에서 진행된 차담 형식의 문 대통령 면담에서 “따로 뵐 기회가 있으면 마음에 담아 둔 얘기를 꼭 하고 싶었다”면서 이 같은 말을 했다고 배석한 이철희 청와대 정무수석이 춘추관에서 전했다. 이 수석은 이 후보의 사과를 문 대통령이 “편하게 받았다”고 설명했다. 이 후보는 2017년 민주당대선 경선 과정에서 문 대통령과 거세게 경쟁했다. 당시 친문(親文) 지지층과 충돌하면서 감정의 골이 깊게 패였고, 지금까지도 남아 있다. 이런 상황에서 이 후보가 친문 지지층과 ‘화학적 결합’을 하기 위해 직접 문 대통령에게 사과한 것으로 보인다. 문 대통령도 ‘원팀’을 강조했다. 그는 “경쟁을 치르고 나면, 그 경쟁 때문에 생긴 상처를 서로 아우르고 다시 하나가 되는 것이 중요하다”고 했다. 그러자 이 후보는 “그렇다”고 답했다. 이어 문 대통령은 “그런 면에서 일요일(24일) 이낙연 전 대표와 회동은 아주 좋았다”고 했다.  또 이 후보와 문재인 정권은 이미 ‘원팀’이라고 강조하기도 했다 문 대통령은 “우리 이재명 후보님은 지난 대선 때 저하고 당내 경선에서 함께 경쟁했고, 또 경쟁을 마친 후에도 다시 함께 힘을 모아서 함께 정권 교체를 해냈다”며 “그동안 대통령으로서, 경기지사로서 함께 국정을 끌어왔다”고 말했다. 이 후보도 문재인 정부와 이미 ‘원팀’이라고 했다. 그는 “사실 저는 경기지사로 문재인 정부의 일원 아니냐”며 “지금까지 최선을 다했지만, 앞으로도 우리 문재인 정부의 성공, 역사적인 정부로 남도록 최선을 다하겠다”고 말했다. - Copyrights ⓒ 조선비즈 & Chosun.com, 무단 전재 및 재배포 금지 - ",https://v.daum.net/v/20211026135640666
20211026,공수낙하 함께 한 노태우·전두환..50년 단짝의 끝은 씁쓸 [노태우 별세],"  1970년대 중반의 일이다. 당시 공수여단장이었던 노태우 전 대통령은 난생 처음으로 공수낙하를 해야 했다. 위관 시절 공수단에서 근무했던 그였지만 정작 공수교육은 받지 못한 상태였다. 사십줄의 노 전 대통령으로선 까마득한 부하들과 함께 훈련받는 게 고역이었다. 게다가 직전에 인접 부대의 여단장이 착지 과정에서 쓰러져 정신을 잃는 일까지 있었다. 긴장한 건 당연했다. 그런 노 전 대통령을 위해 함께 뛰어내린 이가 있으니 바로 전두환 전 대통령이었다. 전 전 대통령은 당시 제1공수 특전단장이었다. 주변에선 “두 사람의 우정”이라고 했다.  노 전 대통령의 일생에서 떼놓을 수 없는 인물이 전 전 대통령이다. 노 전 대통령 스스로 “우리 두 사람은 우정과 동지애가 유난히 강했는데 공인이 되어서도 마찬가지”라며 “다른 사람들에게서 좀처럼 찾아볼 수 없는 특수한 관계”라고 규정했다. (노태우 육성회고록)    두 사람이 만난 건 1952년 1월 신설된 4년제 육군사관학교에 함께 입교하면서다. 육사 11기로 200여 명이 동기였다. 64년 3월엔 두 사람이 주축이 돼 육사 출신의 결사 조직인 ‘하나회’를 꾸렸다. ""나라의 기둥은 우리다""가 창설 구호였다. 두 사람은 리더이자 가장 친한 친구였다. 79년 10월 박정희 대통령이 서거하자 12ㆍ12 쿠데타도 함께 감행했다.  노 전 대통령은 전 전 대통령의 자리를 네 차례 이어받았다. 대령 시절 서종철 육참총장의 수석부관(70년 1월), 그리고 장군이 돼 청와대 경호실 작전차장보(78년 1월), 국군보안사령관(80년 8월), 그리고 민정당 총재(87년 8월)였다. 물려받은 건 아니지만, 대통령직도 이어받았다. 노 전 대통령은 이런 ‘인수·인계’ 관계에 대해 “전 전 대통령은 일이 벌어지면 누구보다 먼저 뛰어가는 스타일이어서 기회도 많지만, 운이 좋지 않으면 쓰러지는 경우도 있을 거 아니냐. 쓰러지지 않도록 내가 중심 잡는 역할을 맡다 보니 그런 것”이라며 “성격이 묘하게 상호보완적이었다. 이것도 운명”이라고 회고했다.    두 사람의 우정에 금이 간 건 88년 무렵이다. 고인이 대통령이 된 후 여소야대 상황에 부닥쳤고, 5공 청산이란 시대적인 압력은 하루가 다르게 거세졌다. 고인은 결국 전 전 대통령을 백담사로 보내야 했다. 측근인 손주환 전 공보처 장관의 회상. “당시 야당에선 전 전 대통령의 구속까지 요구했지만 노 전 대통령이 ‘절대 안 된다’고 버텼다. 대통령은 친구에 대한 미안한 감정을 많이 갖고 있었다. 우리가 관찰한 바로는 대통령이 할 수 있는 무리한 수까지 두면서 전 전 대통령을 보호했다고 본다.”  노 전 대통령이 대통령직에서 물러난 후인 94년 6월 두 사람은 측근들과 함께 강남의 음식점에서 화해의 술자리를 가졌다. 그러나 95년 겨울 비자금 사건으로 두 사람 모두 구속되고, 이후 12ㆍ12와 5ㆍ18 수사가 겹치면서 다시 사이가 멀어졌다. 99년 노 전 대통령이 모친상을 당했을 때 전 전 대통령이 조문해 20여 분간 독대한 게 사실상 마지막 만남이 됐다. 스무 살 친구로 시작해 최고 권력을 같이 누렸던 우정의 끝은 쓸쓸했다.    “가슴에 씻을 수 없는 사연이 남아 있다는 것은 하나의 역사지요.” 노 전 대통령이 생전에 남긴 말이다.  현일훈 기자 hyun.ilhoon@joongang.co.kr Copyrightⓒ중앙일보 All Rights Reserved.",https://v.daum.net/v/20211026144832928
20211026,노태우 전 대통령 별세..군부 쿠데타·첫 직선 대통령 '빛과 그림자' 인생," 현대사에 빛과 그림자를 동시에 남긴 노태우 전 대통령이 26일 향년 89세로 눈을 감았다. 노 전 대통령은 군부 쿠데타의 주동 세력이라는 낙인과 직접선거로 당선된 첫 대통령이라는 상반된 수식어를 짊어졌던 삶을 살았다. 노 전 대통령의 인생 자체가 ‘군부 독재와 민주화 운동’이라는 대한민국 현대사를 극명하게 보여준다는 평가가 뒤따른다. 대통령 재임 당시 공산권 국가들을 상대로 추진했던 북방외교는 그의 최대 치적으로 꼽힌다. 노 전 대통령은 2002년 전립선암 수술 후 건강 악화로 서울 연희동 자택에서 머물러왔다. 노무현 전 대통령 취임식 참석을 마지막으로 이명박·박근혜·문재인 대통령 취임식에 모두 불참하는 등 15년 넘게 공식석상에 모습을 드러내지 않았다. 최근 건강검진을 이유로 병원에 입원하는 일이 잦았던 노 전 대통령은 결국 지병으로 세상을 떠났다. 장남 재헌씨가 국립5·18민주묘지를 참배하고, 광주를 찾아 5·18민주화운동 피해자에게 직접 사죄의 말을 전하면서 노 전 대통령의 죄과를 서거 전에 대신 씻으려 한 것 아니냐는 긍정의 목소리가 나오기도 했다. 노 전 대통령은 육군사관학교를 졸업한 군인 출신 정치인으로 전두환 전 대통령과는 육사 동기다. 전 전 대통령과는 제4공화국 당시 군내 사조직인 ‘하나회’를 결성해 79년 12·12 군사 쿠테타와 이듬해 5·17 내란을 주도해 5공화국을 세우는 등 떼려야 뗄 수 없는 동지 사이였다. 하지만 6월 항쟁 이후 국민직선제로 당선된 노 전 대통령이 취임 후 ‘5공 숙청’이라는 명분으로 전 전 대통령을 백담사로 보내면서 사이가 틀어졌다. 전 전 대통령의 그림자에 가린 만년 2인자라는 평가도 받았었다. 노 전 대통령은 전 전 대통령 집권 후 정치인으로 전향했고, 13대 대통령 선거에서 ‘보통 사람의 위대한 시대’라는 슬로건을 내세워 당선됐다. 87년 6월 민주화항쟁으로 직선제 개헌이 이뤄졌으나 당시 민주화 운동의 양대 거목이었던 고(故) 김영삼·김대중 대통령이 후보 단일화에 실패하면서 대통령에 당선됐다. 그럼에도 ‘보통 사람’은 현재까지 노태우정부를 상징하는 단어로 기억된다. “나 이 사람, 보통사람입니다. 믿어주세요”라는 노 전 대통령의 말은 오래도록 회자됐다. 퇴임 후인 95년에는 반란수괴·반란모의참여 혐의로 검찰에 구속됐다. 대한민국 역사상 첫 전직 대통령이 구속된 사건이었다. 이듬해에는 12·12 쿠테타, 5·18 광주항쟁 유혈 진압 및 학살에 대한 책임을 물어 전 전 대통령 등 신군부 인사들과 법정에 섰다. 1심에서 징역 22년 6개월을 선고받았고, 대법원은 97년 징역 17년과 추징금 2628억원을 최종 선고했다. 같은 해 말이었던 15대 대통령 선거에서 대선후보들은 앞다퉈 전두환·노태우 전 대통령의 사면복권을 공약으로 내세웠고, 15대 대통령 선거 이틀 후 김영삼정부에 의해 사면복권 됐다. 다만 전 대통령에 대한 예우는 기본 경호 외에는 전부 박탈됐다. 재임 중 성과로는 북방외교가 꼽힌다. 노태우정부는 공산권 국가를 상대로 북방외교를 추진해 45개국과 수교를 맺었다. 특히 이 기간 중국·소련과 수교한 것은 노태우정부의 업적으로 남아있다. 89년에는 여야 4당 합의로 한민족공동체 통일방안이 마련됐고, 91년 서울에서 열린 남북 고위급 회담에서 남북한 화해, 상호 불가침, 교류협력을 골자로 하는 남북 기본 합의서가 채택됐다. 추징금을 여전히 완납하지 않은 전 전 대통령과 달리 노 전 대통령은 2013년 말 추징금을 분할해서 완납했다. 심희정 김경택 기자 simcity@kmib.co.kr GoodNews paper ⓒ 국민일보 . 무단전재 및 재배포금지 ",https://v.daum.net/v/20211026142249880
20211026,"이재명, 전두환이 심은 靑 백송 보고 ""특이한 분이 심어""","(서울=연합뉴스) 조민정 김수진 기자 = 더불어민주당 이재명 대선후보는 26일 청와대 상춘재를 찾은 자리에서 전두환 전 대통령이 심은 백송(白松)을 보고 ""심은 사람이 좀 특이한 분""이라고 말했다.  이 후보는 이날 상춘재를 안내하는 문 대통령을 향해 ""백송이 아주 특이하게 생겼다""며 이같이 말했다. 청와대에 따르면 이 후보가 언급한 백송은 1983년 식목일에 전 전 대통령이 심은 1945년생 소나무다. 이 후보가 이날 백송을 언급하며 전 전 대통령을 '특이한 사람'이라고 지칭한 것은 국민의힘 대선 주자인 윤석열 전 검찰총장을 겨냥한 것으로 풀이된다. 이와 관련해 이 지사는 연합뉴스에 문자메시지로 ""전두환이 기념식수한 것이더라""고 전했다. 전 전 대통령을 겨냥한 발언이라는 점을 인정한 셈이다. 앞서 윤 전 총장은 전 전 대통령에 대해 ""군사 쿠데타와 5·18만 빼면 정치는 잘했다고 말하는 분들이 많다""고 말해 '전두환 옹호' 발언 논란에 휩싸였다. 이후 이 후보는 광주를 찾아 ""(윤 전 총장은) 전두환이라는 이름이 갖는 엄혹함을 전혀 이해하지 못했을 것""이라고 각을 세웠다. 또 5·18 민주묘지를 찾아 참배하던 중에는 '전두환 표지석'을 밟으면서 ""윤 후보님은 존경하는 분이라 밟기 어려우셨을 것""이라고 직격하기도 했다. chomj@yna.co.kr 저작권자(c)연합뉴스. 무단전재-재배포금지",https://v.daum.net/v/20211026143631438
20211026,"""돈이 어디로 갔는지가 핵심"" 신상발언하는 김용판 의원 [TF사진관]"," 김용판 의원은 이날 '돈다발' 사진과 관련해 ""민주당은 돈다발 사진이 박철민 페이스북에 게시된 것을 두고 돈다발이 허위라고 주장하고 있다""며 ""그 돈이 어디로 갔는지가 핵심인데도 단순히 돈다발 사진의 페이스북 게시를 두고 진술서의 모든 사실이 허위라며 몰아치고 있다""고 주장했다.  김용판 의원은 지난 18일 경기도 국정감사에서 복역 중인 박철민 씨에게 공익제보를 받았다며 이재명 전 경기도지사에게 전달됐다는 '돈다발' 사진을 공개한 바 있다. 김 의원은 더불어민주당 대선 후보인 이재명 전 지사가 조폭과 연루됐다고 주장하며 의혹을 제기했고 이날 오후 더불어민주당은 해당 사진을 SNS에서 찾아 돈을 전달했다는 시점과 사진 게시 시점이 다르다며 해당 주장은 허위라고 맞받아쳤다.  이날 열린 국정감사에서도 이해식 더불어민주당 의원은 김용판 의원이 '돈다발' 사진을 공개하며 여당 대선 후보를 비방한 것과 관련해 국정감사에서 제척해야한다는 취지의 의사진행발언을 했다. 김용판 의원은 국정감사 주질의 시간에 피감기관에 대한 질의를 대신에 '돈다발' 사진과 관련해 신상발언을 진행했고 사실 확인 없는 비방에 대해 허위사실 유포 등 법적 대응을 시사했다. ilty012@tf.co.kr사진영상기획부 photo@tf.co.kr 저작권자 ⓒ 특종에 강한 더팩트 & tf.co.kr 무단 전재 및 재배포 금지",https://v.daum.net/v/20211026152923739
20211026,"""젊은 여성 췌장암 환자 늘고 있다"""," 초기에 발견하기 어렵기 때문에 '침묵의 살인자'라 불리는 췌장암에 걸리는 젊은 여성이 많아진 것으로 밝혀졌다. 미국의학협회지(JAMA)에 발표된 로스앤젤레스(LA) 시다스 시나이 메디컬센터 연구진의 논문을 토대로 건강의학 웹진 헬스데이가 25일 보도한 내용이다.  연구진은 미국 국립암연구소의 암 통계 데이터인 SEER(Surveillance Epidemiology and End Results)를 통해 2000~2018년 인구 10만 명 당 췌장암 환자 발병률 변화를 조사했다.  연구진이 19년간 발견한 췌장암 환자의 전체 숫자는 283,817명. 이중 여성의 비율이 절반인 50%에 해당했다. 췌장암은 전통적으로 여성보다 남성에게서 많이 발생하는 것으로 알려진 것과 상반된 결과였다.  연구진은 남녀 모두에게서 췌장암 발병률이 증가한 것을 발견했다. 특히 55세 이하의 젊은 여성, 그 중에서도 15~34세 여성의 증가율이 상대적으로 높은 점에 주목했다. 논문의 제1저자인 사다스 시나이 메디컬센터의 스리니바스 가담 교수는 ""췌장암 환자의 전체 비율은 55세 이상의 고연령자에게서 높은 점은 예상했지만 유독 젊은 여성의 발병율이 눈에 띠게 증가한 것은 예상 밖의 결과였다""고 말했다. 그는 현재 추세대로라면 2040년에는 15~34세 여성 췌장암 환자가 같은 연령대 남성 췌장암 환자보다 400%나 증가할 것으로 예측했다.  가담 교수는 그 원인을 밝혀내는 것이 추후 과제라고 설명했다. 연구진은 최근 수십 년 동안 여성들이 환경위험요소에 불균형적으로 많이 노출됐을 가능성이 커 보인다고만 추론했다. 가담 교수는 ""췌장암에 걸리는 젊은 여성을 줄이기 위해 더 많은 투자가 필요하며 더 많은 여성들이 이 분야의 연구를 위해 목소리를 내야 한다""고 말했다.  가담 박사는 다행히 췌장암의 5년 생존율이 지난 수십 년 동안 3%에서 10%로 향상됐다고 덧붙였다. 이는 췌장암 조기발견을 위해 가족력이 있는 고위험군 사람에게 MRI, CT, 초음파검사를 정기적으로 실시한 결과다. 오랜 기간 지속된 당뇨병과 만성췌장염도 위험요인이다. 또 복통, 심오한 체중 감소, 당뇨병 진단이 없는 상태에서 황달에 걸릴 경우 췌장암 검사가 실시되고 있다.  미국 시카고대 의대의 사잔 나그팔 교수는 ""췌장암에 걸린 많은 사람들이 처음에는 경미한 복부 불편이나 소화불량 등 매우 모호한 증상을 보인다""고 말했다. 그는 ""암이 발견될 때쯤에는 80%의 환자가 수술을 받기 어려운 상황에 이른 상황이기에 췌장암 치료가 어려운 것""이라며 ""조기 진단이 췌장암 치료의 최우선 과제라고 말했다.  해당 논문의 원문 사이트 주소는 다음.(https://jamanetwork.com/journals/jama/fullarticle/2785590?resultClick=1).에서 확인할 수 있다. 한건필 기자 (hanguru@kormedi.com) 저작권ⓒ '건강을 위한 정직한 지식' 코메디닷컴 / 무단전재-재배포 금지",https://v.daum.net/v/20211026113329633
20211026,박정희가 김재규 총탄에 맞은 10.26에 노태우 별세..기묘한 인연," 노태우 전 대통령이 26일 별세했다. 향년 89세. 이날은 박정희 전 대통령의 기일이기도 하다. 전직 대통령 두 명의 기일이 된 셈이다. 박 전 대통령은 1979년 10월26일 서울 종로 궁정동 중앙정보부 안가에서 김재규 중앙정보부장의 총에 맞아 세상을 떠났다. 박 전 대통령이 피살된 이후 전두환 전 대통령과 함께 12·12 군사 쿠데타를 일으켜 정권을 장악한 인물이 노 전 대통령이라는 점에서 기묘한 인연이라고 할 수 있다.  12·12 쿠데타 이후 전두환 전 대통령이 대통령 자리에 올랐고, 노 전 대통령은 정권의 2인자로 활약했다. 노 전 대통령은 1987년 '6월 항쟁' 이후 진행된 직전세 선거를 통해 대통령에 당선됐던 바 있다.  대통령 퇴임 이후 노 전 대통령은 12·12 쿠데타 및 5.18 광주 민주화운동 진압, 수천억원대의 비자금 조성 등으로 징역 17년형을 선고받았다. 국가 원수에 대한 예우도 박탈당했다. 1997년 김영삼 전 대통령의 특별사면 조치로 석방됐다. 1932년생인 노 전 대통령은 천식 등 오랫동안 지병으로 꾸준히 병원 치료를 받아왔다. 최근에는 병세가 악화되면서 서울 종로구 서울대병원에 입원했고 끝내 이날 숨을 거뒀다.  저작권자 ⓒ '돈이 보이는 리얼타임 뉴스' 머니투데이 ",https://v.daum.net/v/20211026150934894
20211026,"삼일장도 못치른 안중근 조카며느리..보훈처 ""며느리·사위도 지원하겠다"""," 독립운동가 안중근 의사의 조카며느리 고(故) 박태정 여사가 생활고로 삼일장도 치르지 못한 채 별세한 건과 관련해 국가보훈처가 독립운동가 후손 지원에 대한 사각지대를 해소하겠다고 밝혔다. 26일 국가보훈처 관계자는 ""직계 존·비속뿐만 아니라 며느리, 사위 등도 보상금 지원 대상이 될 수 있도록 지원 방안을 마련하겠다""며 이같이 말했다. 보훈처에 따르면 박 여사는 독립유공자예우에 관한 법률(독립유공자법)에 따라 보상금 지원 대상자가 아니다. 모든 보상금은 혈족에게만 지원되기 때문이다. 박 여사는 안중근 의사의 친동생이자 독립운동가인 안정근 지사의 며느리다. 국내에 거주하는 안중근 의사 형제의 유족 중 안 의사와 가장 가까운 것으로 알려졌지만 며느리라서 혈족은 아니다. 다만 보훈처 측은 ""박 여사 장녀인 안기수씨는 국가유공자 직계 존·비속 중 생활 어려운 분에 한해 지원되는 생활조정수당·생활지원금 등 약 70만원을 지난 3월까지 매년 지원받았다""고 설명했다. 박 여사를 간호하던 안씨는 지난 3월 66세를 일기로 별세했다. 그간 생활고에 시달려온 박 여사는 지난 24일 향년 91세로 별세했다. 유족은 박 여사의 삼일장을 치를 여유가 없어 하루 뒤인 지난 25일 경기 용인공원묘지에 고인을 안장했다. 민족문화연구소에 따르면 박 여사의 남편이자 안 의사의 조카인 안진생씨는 1960년대 외교관 생활을 시작하고 여러 나라 대사를 지냈다. 안씨는 1980년 외교안보연구원(현 국립외교원) 본부 대사로 재직하다 전두환 정권에 의해 강제 해임된 뒤 뇌경색을 얻게 됐고 1988년 사망했다. 8년에 이르는 투병으로 가세가 급속히 기울면서 가족들은 월세를 전전해 오다 지난 2011년부터 서울 양천구 신정동의 15평짜리 임대아파트에서 거주해왔다. 저작권자 ⓒ '돈이 보이는 리얼타임 뉴스' 머니투데이 ",https://v.daum.net/v/20211026151912260
20211026,65살부터 받는 국민연금.. '64살까지 내자'," [아시아경제 이춘희 기자] 현재 만 59세인 국민연금의 의무가입 상한 연령을 64세로 상향해 수급 개시 연령과 맞춰야 한다는 지적이 담김 국책연구기관 보고서가 나왔다. 연금수급 개시 나이가 2033년 기준 65세로 차츰 늦춰지고 있지만 의무가입 나이는 여전히 59세여서 가입 공백 및 소득 단절이 발생하는 만큼 이를 조정할 필요성이 큰 셈이다.  한국보건사회연구원은 최근 '국민연금 가입 상한연령 연장의 적절성 연구' 보고서에서 ""국민연금의 수급개시연령이 계속 연장되는 가운데 가입상한연령은 계속 59세로 고정돼있어 의무가입 종료 이후 수급개시 전까지 공백이 발생하고 있다""며 ""가입상한연령 연장의 가능성을 진단하는 과정이 필요하다""며 이 같이 밝혔다.  보사연은 이에 대해 은퇴 후 연금 수급개시까지 급격한 소득단절이 발생하는 중으로 이는 생계유지를 목적으로 고령자들이 노동시장에 더 오래 머물게 하는 주요 원인으로 작용한다며 ""59세 이후 국민연금의 의무가입 배제는 가입 종료와 동시에 수급이 시작되는 공적연금의 기본 원칙에 위배되는 것""이라고 강조했다.  보사연은 이번 보고서에 각 연도 통계청 경제활동인구조사 근로형태별 부가조사 및 고령자 부가조사 원자료, 한국노동패널 22차 개인 및 직업이력 자료 등을 활용해 의무가입에서 제외되고 있는 60~64세 고령자 집단의 경제활동 참여 현황과 특성, 연금 수급자들의 특성을 시계열적으로 비교해 분석했다. 분석에 따르면 전반적으로 60세 이상 고령인구의 경제활동참가율은 지난 10년 동안 큰 폭으로 증가한 것으로 나타났다. 특히 연령대가 높아질수록 증가 폭은 더 커졌다. 60~64세 취업자 중 상용직 임금노동자 비율은 2005년 11.5%에서 2020년 33.3%로 3배 가까이 증가했다. 주당 노동시간이 15시간 미만인 단시간 노동자 비율은 비정규직에서는 매년 소폭 증가했지만 정규직은 감소하는 추이를 나타냈다. 또한 연금 수급자와 비수급자 모두 '생계유지를 위해' 장래에도 근로를 계속하고 싶다는 의사를 내비쳤다. 보사연은 이러한 결과들을 토대로 ""60~64세 고령자 집단의 노동시장 참여 특성을 더욱 정교하게 관찰해 가입상한 연령 연장의 가능성을 검토해야 할 필요가 있음을 환기한다""고 지적했다. 연구를 맡은 이다미 보사연 부연구위원은 ""고령자들의 경제활동 참여 현황 등을 살펴본 결과, 가입상한연령을 연장할 수 있는 규모가 최근으로 올수록 증가하며 이미 의무가입과 수급개시의 공백기를 거친 고령자 집단에서도 가입 여력이 있는 유형들을 확인할 수 있었다""고 의무 가입연령 상향이 필요함을 역설했다. 그는 또한 ""소득 파악의 용이성, 소득수준, 보험료 부담 정도 등을 종합적으로 고려하면 60세 이상 임금근로자에 대해 단계적으로 가입상한연령을 연장하는 것이 현시점에서는 가장 실효성 있는 방안으로 논의될 수 있을 것""이라고 전했다. 국민연금 의무가입연령을 둘러싼 논란은 끊임없이 이어져 왔다. 2018년 8월 국민연금제도발전위원회가 가입제도개선 방안의 하나로 의무가입연령을 2033년까지 64세로 조정해 수급개시연령과 맞추는 방안을 제시했지만 정부가 해당 방안을 수용하지 않아 결국 무위로 돌아갔다.  연금 관련 시민사회단체인 공적연금강화국민행동(연금행동)은 2015년 국민연금 당연가입 상한연령을 연금 수급개시 연령과 연동해 단계적으로 올리는 방안을 검토해야 한다고 제안하기도 했다. 점차 취업연령이 늦어지면서 국민연금 최대 가입기간인 40년을 채우는 경우가 드문만큼 가입상한연령을 상향 조정해야 한다는 것이다. 다만 지역가입자들의 반발을 고려해 직장가입자에게 먼저 적용할 필요성이 있다고 덧붙였다.  다른 선진국의 사례를 살펴보면 대부분 연금 수급연령과 가입 상한연령을 연계해 연금 수급연령보다 가입 상한연령이 높은 경우가 많다. 독일(근로자연금), 스웨덴(NDC 연금), 캐나다(CPP)는 연금 가입 상한연령이 65세 미만 또는 70세 미만이지만 수급개시연령은 65세로 맞춰놓았다. 미국(OASDI)은 아예 별도의 가입 상한연령이 없고 연금 수급개시연령만 66세로 설정해뒀다. 이춘희 기자 spring@asiae.co.kr <ⓒ경제를 보는 눈, 세계를 보는 창 아시아경제 무단전재 배포금지>",https://v.daum.net/v/20211026145017006
20211026,"노태우 장례, '국가장'으로 치르나..국무회의 거쳐 결정","기사내용 요약 국가장 장례기간 5일 이내…조기 게양 '내란죄 복역' 국립묘지 안장 안될 듯  [세종=뉴시스] 변해정 기자 = 26일 숨진 노태우 전 대통령의 장례식이 '국가장'(國家葬)으로 치러질 지 관심이 쏠린다.  행정안전부 관계자는 이날 뉴시스와의 통화에서 ""유족의 의사와 정부 절차를 거쳐야 해 판단이 필요하다""면서도 ""국가장으로 진행될 것으로 보인다""고 밝혔다.  '국가장법'에 따르면 국가장은 전·현직 대통령이거나 국가 또는 사회에 현저한 공훈을 남겨 국민의 추앙을 받는 사람이 사망했을 때 행안부 장관의 제청으로 국무회의의 심의를 마친 후 대통령이 결정한다.  장례위원회 위원장은 국무총리가 맡는다. 장례위원회 아래 집행위원회가 장례 절차를 총괄 진행하며 집행위원장은 행안부 장관이 맡게 된다.  국가가 모든 경비를 부담하고, 국가의 명의로 거행한 장례 의전이다. 국가장의 장례 기간은 5일 이내로 하고 이 기간중에는 조기(弔旗)를 게양한다.  지금까지 치러진 국가장은 지난 2015년 고 김영삼 전 대통령 장례뿐이다.  이전에는 '국장·국민장에 관한 법률'에 따라 국장 또는 국민장으로 치러졌다. 박정희·김대중 전 대통령의 장례는 국장으로, 최규하·노무현 전 대통령의 장례는 국민장으로 진행됐다. 이승만·윤보선 전 대통령의 장례는 국장·국민장이 아닌 가족장으로 치렀다. 그러나 국장과 국민장의 기준이 뚜렷하지 않아 논란이 거듭돼 김대중 전 대통령 장례를 계기로 국장·국민장을 별도 구분하지 않고 국가장으로 장례절차를 통합했다.  국립묘지에 안장될 지는 미지수다. 노 전 대통령은 전두환 전 대통령과 함께 군사 반란을 주도했던 내란죄로 징역 17년을 선고받고 복역중 1997년 12월22일에 특별사면을 받고 복권됐기 때문이다.  '국립묘지의 설치 및 운영에 관한 법률'에 따라 국가장으로 장례된 사람은 국립서울현충원 및 국립대전현충원 안장 대상자가 된다. 국립묘지에 안장되지 않더라도 장사 등에 관한 법률에 따라 보존묘지로 지정될 수 있다. 그러나 '국가유공자 등 예우 및 지원에 관한 법률'에서는 형법 제87조에서 90조까지의 죄를 범한 사람은 국립묘지 안장 대상에서 제외하고 있다. 형법 제87조가 내란죄로 국립묘지 안장이 법률적으로는 불가능한 것이다. 최종 권한은 안장대상심의위원회가 갖고 있는데, 노 전 대통령의 재임 중 업적을 고려해 국립묘지 안장을 허용하는 정치적 판단을 내릴 수도 있다. ☞공감언론 뉴시스 hjpyun@newsis.com  ⓒ 공감언론 뉴시스통신사. 무단전재-재배포 금지",https://v.daum.net/v/20211026150613717
20211026,"윤석열, '전두환 개 사과' 충격에..이재명과 경쟁력, 野 후보 '꼴찌'"," 윤석열 전 검찰총장의 이재명 더불어민주당 대선후보와 양자대결 경쟁력이 국민의힘 대선 예비후보들 중 가장 떨어진다는 여론조사 결과가 나왔다. 아시아경제는 26일 윈지코리아컨설팅에 의뢰해 전국 만 18세 이상 유권자를 대상으로 지난 23~24일 실시한 여론조사 결과를 발표했다. 홍준표 국민의힘 의원과 이재명 후보간 가상 양자대결에서 홍 의원은 45.1%의 지지율을 획득했다. 이 후보(40.6%)를 상대로 4.5%포인트(p) 앞서는 것으로 조사됐다. 윤석열 전 검찰총장은 이재명 후보와의 가상 양자대결에서 40.6% 대 43.7%로 밀렸다. 3.1%p 열세다. 지난 조사(9~10일 실시) 당시 윤 전 총장이 6%p 앞섰는데, 결과가 약 2주만에 뒤집힌 것이다. 이재명 후보는 원희룡 전 제주도지사, 유승민 전 국민의힘 의원에도 앞섰다. 하지만 차이는 크지 않았다. '이재명-원희룡' 구도는 40.2% 대 38.6%로 1.6%p 차이였고, '이재명-유승민' 구도는 38.9% 대 36.1%로 2.8%p 차이였다. 결과적으로 이재명 후보를 상대로 우위를 점한 것은 홍준표 의원이 유일했다. 이재명 후보에 열세인 후보들 중에서는 원희룡(1.6%p 차), 유승민(2.8%p 차), 윤석열(3.1%p 차) 순으로 경쟁력이 있었다. 야권의 '1위 후보'였던 윤 전 총장의 지지율이 휘청인 영향이다. 윤 전 총장의 경우 지난 19일 ""전두환도 정치는 잘했다"" 발언, 이 발언에 대해 사과했던 지난 21일 '사과' 열매를 '개'에게 주는 사진을 SNS(소셜네트워크서비스)에 게재했던 것의 직격탄을 맞은 것으로 보인다. 그리고 홍 의원 등 여타 후보들이 반사이익을 얻은 것으로 해석된다.  보수야권 대선후보 적합도에서 역시 윤 전 총장의 약세가 두드러졌다. 윤 전 총장은 지난 조사 대비 2.1%p 떨어진 26.9%를 기록하는 데 그쳐 1위를 홍 의원(27.3%)에 내줬다. 유 전 의원(15.7%), 원 전 지사(5.0%)가 그 뒤를 이었다. 한편 이번 여론조사에는 1024명이 응답했다(응답률 6.6%). 조사방법은 무선ARS로 휴대전화 가상번호 100%이며, 표본은 2021년 1월말 행정안전부 주민등록 인구 기준 성·연령·지역별 가중값 부여(셀가중)로 추출했다. 표본오차는 95% 신뢰수준에 ±3.1%포인트다. 자세한 조사 개요는 중앙선거여론조사심의위원회 홈페이지를 참조하면 된다.  저작권자 ⓒ '돈이 보이는 리얼타임 뉴스' 머니투데이 ",https://v.daum.net/v/20211026140031853
20211026,'차량 677대 피해' 천안 아파트주차장 화재 관련자 형사 처벌받을 듯," (천안=뉴스1) 이시우 기자 = 충남 천안의 한 아파트 지하 주차장 화재로 차량 670여 대의 피해를 입힌 세차업체 직원 등 관련자들이 형사 처벌을 받을 것으로 보인다. 사건을 수사해 온 경찰은 출장세차 업체 직원 A씨와 업체 대표에게 업무상과실의 책임을 묻기로 했다. 26일 천안서북경찰서에 따르면 경찰은 이들에게 업무상과실 폭발성 물건파열 혐의를 적용해 검찰에 송치하기로 했다.  A씨는 지난 8월 11일, 차량 세차를 위해 방문한 아파트 지하 주차장에서 라이터를 켜 차내에 누출된 LP가스가 폭발하게 한 혐의를 받고 있다 가스 폭발로 인한 불은 주차장 천장의 배관보온재 등에 옮겨 붙어 확산됐고 출동한 소방대에 의해 2시간 40여 분 만에 진화됐다. 이날 화재로 차량 677대가 전소 또는 그을음 피해를 입었다. 발화원인을 조사해 온 국립과학수사연구원과 소방당국은 차량에 실려있던 LP가스통의 밸브가 열려져 있다는 사실을 확인하고 차량 내에 가스가 유출된 상태에서 켜진 라이터 불이 폭발의 원인이 됐다고 결론지었다. 경찰은 화재 원인을 토대로 관련자들을 조사한 결과 화재의 고의성은 없었지만 폭발성 물질인 LP가스의 취급을 소홀히 했다고 판단했다.  또 관리 책임이 있는 세차업체 대표에 대해서도 같은 혐의를 적용해 책임을 묻기로 했다. 소방당국도 화재 당시 관리 업체의 대처에 잘못이 있다고 보고 관련자 1명과 관리업체를 화재예방, 소방시설 설치유지및 안전관리에 관한 법률(소방시설법) 위반 혐의로 검찰에 송치했다. 이들은 화재 발생 후 작동한 화재감지기 등을 임의 조작한 혐의를 받고 있다. 경찰 관계자는 ""폭발성 물건인 LP가스 관리업무를 소홀히 한 정황이 확인된다""라며 ""곧 사건을 마무리하고 검찰에 송치할 계획""이라고 말했다. issue78@news1.kr  Copyright ⓒ 뉴스1코리아 www.news1.kr 무단복제 및 전재 – 재배포금지",https://v.daum.net/v/20211026145133063
20211026,"윤석열 ""文-이재명 만남 선거개입..李측 ""손준성 상사 尹 책임"""," (서울=뉴스1) 이훈철 기자,김민성 기자 = 윤석열 국민의힘 대선 경선 후보가 26일 문재인 대통령과 이재명 더불어민주당 대선 후보의 회동을 두고 '선거 개입'이라고 맹비난했다. 이재명 후보 측은 이에 맞서 손준성 전 대검찰청 수사정보정책관(현 대구고검 인권보호관)에 대한 구속영장이 청구된 것을 거론하며 ""윤석열 후보야말로 검찰 고발 사주 의혹을 나몰라라 하지 말고 책임 있는 자세를 보이라""고 맞받아쳤다. 윤 후보는 이날 자신의 페이스북에 '文-재명의 잘못된 만남'이라는 제목의 글을 통해 ""이번 만남은 누가 봐도 이재명 후보 선거 캠페인의 일환으로, 문 대통령은 이 캠페인의 병풍을 서준 것""이라며 비판했다. 윤 후보는 ""과거에도 비슷한 사례가 있었지만 그런 관행은 정치 개혁 차원에서 사라져야 할 구태정치""라며 ""가장 엄격하게 선거 중립을 지켜야 할 대통령이 이래서는 안 된다""고 주장했다. 이어 ""특히 검찰에 언제 소환될지 모르고, 언제 구속될지 모르는 범죄 수사 대상자를 청와대로 불러서 만나느냐""라며 ""두 사람의 만남은 또한 '文-재명', 즉 이 후보가 문재인 정권의 계승자라는 것, 한 몸이라는 것을 선언하는 것""이라고 질타했다.  이 후보 측은 윤 후보가 고발 사주 의혹에 책임 있는 자세를 보여야 한다고 맞불을 놓았다. 이 후보 측의 박찬대 대변인은 이날 논평을 통해 ""윤석열 검찰의 청부 고발 사주, 김웅 국민의힘 의원과 손준성 검사는 지금이라도 수사에 협조하라""며 ""손 전 정책관의 '상사'였던 윤 후보의 대응방식도 상식 이하이다""고 꼬집었다. 그는 ""윤 후보는 구속영장 청구 소식을 들은 후 '명백한 선거 개입이자 선거 공작'이라고 했다""며 ""또 윤 후보 측은 '경선 전에 망신주기를 통해 가장 강력한 야권 후보의 지지율을 떨어뜨리겠다는 뻔히 보이는 속셈'이라는 주장도 펼쳤다""고 지적했다. 이에 박 대변인은 ""윤 후보는 '나는 모르는 일'이라고 책임을 떠넘겨서는 안 된다. 전대미문의 검찰조직 사유화 사건임이 백일하에 드러나고 있다""며 ""검찰총장 직속 수사정보관실 검사가 총장 허락도 없이 고발 사주에 관여했겠는가""라고 의심의 눈길을 보냈다. 박 대변인은 ""윤 후보는 김 의원과 손 전 정책관이 이번 사건에서 아무런 잘못이 없다면 정치공세 대신 그저 사실을 밝히는데 협조하기 바란다""며 ""국민의힘은 걸핏하면 숨기는 자가 범인이라는 말을 인용하는 데 윤 후보, 김 의원 그리고 손 전 정책관이 바로 숨기는 자가 아닌가""라고 말했다. boazhoon@news1.kr  Copyright ⓒ 뉴스1코리아 www.news1.kr 무단복제 및 전재 – 재배포금지",https://v.daum.net/v/20211026124408792
20211026,"코로나 때문에 미뤘는데, 이젠 예약 꽉차서 못한다는 결혼식","  # 내년 4월 결혼식을 위해 웨딩홀을 예약하려던 서울 서초동의 김모(32)씨. 그는 25일 오전 삼성동의 그랜드 인터컨티넨탈 서울 파르나스 웨딩홀에 예약 전화를 했다 당혹스러움을 감추지 못했다. 이미 내년 6월까지 원하는 홀의 예약(주말 기준)이 꽉 찼다는 답변이 돌아왔기 때문이다. 그랜드 인터컨티넨탈 서울 파르나스에 따르면 내년 1~6월 그랜드 볼룸의 토요일 모든 시간대는 예약이 끝났다. 김씨는 “지난 9월에 치르려던 결혼식을 내년 봄으로 미룬 터였는데 너무 당혹스럽다”고 말했다.  예식장이 다시 붐비기 시작했다. ‘위드 코로나’ 시대를 앞두고 그간 코로나19로 인한 거리두기 규제로 결혼식을 미뤄왔던 신혼부부들이 예식을 서두르고 있다. 다음 달부터는 결혼식 참석 인원 제약이 확 풀린다. 보건복지부에 따르면 다음달부터 코로나19 백신 접종 여부와 상관없이 100명 미만이 결혼식에 참석할 수 있고 2차 백신까지 맞은 접종 완료자는 500명 미만이 모일 수 있다. 접종 완료자 200명과 비접종자 49명이 모여 250명 미만으로 예식을 진행해도 된다. 호텔업계 관계자는 “사회적 거리두기로 인해 하객 수를 몇 명으로 해야할지 불안해서 선뜻 예식을 치르지 못했던 신혼부부의 예약이 쏟아지고 있다”고 말했다.   해외로 신혼여행을 떠날 수 있게 된 것도 신혼부부들이 예식을 서두르는 이유다. ‘언제 못갈지 모른다’는 불안감도 작용한다. 해외 여행 물꼬가 터진 것은 지난 6월이다. 한국과 첫 트래블버블(여행안전권역) 협약을 맺은 사이판을 시작으로 백신 접종 완료자나 영문 코로나19 검사(PCR) 음성 확인서가 있으면 바로 떠날 수 있는 해외여행지가 빠르게 늘고 있다. 신혼여행 선호지인 괌·하와이·몰디브 등은 개별 여행이나 무격리 조건으로 방문할 수 있다. 유럽에서도 스페인·프랑스·그리스·터키·스위스 등 20여개 나라를 여행할 수 있다.  혼수용품도 잘 팔린다. 롯데백화점은 이달 들어 혼수 용품 매출(24일 기준)이 지난해 같은 기간보다 늘었다. 가전이 28% 늘었고 가구(36%), 해외 브랜드 시계(37%), 예물 보석 브랜드(58%) 등 매출이 늘었다. 현종혁 롯데백화점 고객경험부문장은 ""단계적으로 일상이 회복되면서 웨딩 시장도 단기간에 회복될 것으로 기대한다""고 말했다.  최현주 기자 chj80@joongang.co.kr Copyrightⓒ중앙일보 All Rights Reserved.",https://v.daum.net/v/20211026060015491
20211026,"'고발사주 의혹' 손준성, 구속심사 2시간40분 만에 종료"," (서울=뉴스1) 한유주 기자,최현만 기자 = 고발사주 의혹의 핵심인물이자 텔레그램에 '손준성 보냄'으로 등장했던 손준성 전 대검찰청 수사정보정책관(현 대구고검 인권보호관)의 구속 전 피의자심문(영장실질심사)이 2시간40분 만에 종료됐다. 이세창 서울중앙지법 영장전담 부장판사는 26일 오전 10시30분부터 낮 1시10분께까지 직권남용권리행사 등의 혐의를 받는 손 검사를 상대로 구속 전 피의자심문을 진행했다.  손 검사는 영장실질심사 결과가 나올 때까지 서울구치소에서 대기한다. 결과는 이르면 이날 오후 늦게 결정될 것으로 보인다. 공수처는 지난 23일 손 검사에 대해 직권남용권리행사방해 등의 혐의로 구속영장을 청구했다. 공수처가 출범한 이후 구속영장을 청구한 것은 이번이 처음이다. 공수처는 이달 초부터 손 검사 측과 소환시기를 수차례 조율해 왔지만 합의가 이뤄지지 않아 20일 체포영장을 청구했다. 그러나 법원은 ""피의자가 출석요구에 응하지 아니할 우려가 있다고 단정할 수 없다""며 영장을 기각했다.  공수처는 손 검사의 비협조적인 태도를 고려해 체포영장 재청구보다는 법관 앞에서 양측이 소명할 수 있는 사전구속영장 청구가 낫다고 판단, 사전구속영장을 청구했다.  손 검사 측은 공수처가 피의자 조사도 거치지 않고 구속영장을 청구해 방어권을 무력화했고, 야당 대선후보 선출 일정을 언급하며 강제수사를 운운했다며 유감을 표했다.  손 검사가 고발장 작성과 전달 혐의를 일관되게 부인해왔고 이날 출석 전 ""영장청구의 부당함에 대해 판사님께 상세히 설명드리겠다""고 밝힌 만큼, 심문에서 치열한 공방이 벌어졌을 것으로 보인다. 공수처는 지난 9월 윤석열 전 검찰총장과 손 검사를 직권남용권리행사방해와 공무상 비밀누설, 개인정보보호법 위반, 공직선거법 위반 혐의로 입건했다. 손 검사는 지난해 4월 대검 수사정보정책관으로 일하면서 부하 직원 등에게 여권 인사에 대한 고발장 작성과 관련 자료수집을 지시한 혐의를 받는다. 이른바 '고발사주'의혹을 폭로한 조성은씨가 김웅 의원에게 전달받은 텔레그램의 '손준성 보냄'의 '손준성'이 확인되면서 고발장 초안을 김 의원에게 전달한 혐의도 받고 있다. why@news1.kr  Copyright ⓒ 뉴스1코리아 www.news1.kr 무단복제 및 전재 – 재배포금지",https://v.daum.net/v/20211026132206560
20211026,인구 100만명 당 사망 미국 35명·영국 13명..우리나라는?," (서울=뉴스1) 김규빈 기자,음상준 기자,권영미 기자,이형진 기자,강승지 기자 = 방역당국이 지난 1주일 간 신종 코로나바이러스 감염증(코로나19) 발생동향을 분석한 결과, 국내보다 해외 주요국가에서 주간 사망률, 누적 치명률 등이 더 높게 나타났다고 26일 밝혔다. 코로나19 예방접종 대응 추진단(추진단)은 이날 오후 보도자료 및 브리핑을 통해 ""주요 국가의 주간 발생률, 주간 사망률, 누적 치명률은 우리나라에 비해 높은 상황이 유지되고 있다""며 ""세계보건기구(WHO)에서 지난 17일~23일(현지시간) 발생한 인구 100만명 당 주간 확진자 수 등을 분석한 자료에 따르면 영국, 프랑스, 독일은 각각 4769명, 1608명, 992명으로 증가하는 경향을 보였다""고 말했다. 이어 ""이에반해 이스라엘은 925명, 프랑스 490명, 우리나라는 183명, 일본은 22명으로 전 주에 비해 줄어들었다""며 ""인구 100만 명당 주간 사망자의 경우 미국은 35명, 영국 13명, 이스라엘 7명, 독일 6명, 프랑스 3명으로 나타났다""며 ""우리나라는 2명, 일본은 1명으로 집계됐다""고 했다. 또 어떤 병에 걸렸을 때 그 병으로 사망하는 환자 수를 의미하는 '누적 치명률'의 경우 이스라엘이 0.6%로 가장 낮았고, 우리나라가 0.8%로 나타났다. 독일은 2.1%, 프랑스는 1.7%, 영국과 미국은 16%, 일본은 1.1%로 집계됐다. rnkim@news1.kr  Copyright ⓒ 뉴스1코리아 www.news1.kr 무단복제 및 전재 – 재배포금지",https://v.daum.net/v/20211026150036438
20211026,[노태우 별세] 아버지 대신 5·18 사죄한 아들..손녀는 해군 자원입대," (서울=뉴스1) 김일창 기자 = 노태우 전 대통령이 26일 지병 악화로 서울 종로구 서울대병원에서 별세했다. 향년 89세. 1979년 전두환 전 대통령과 함께 12·12 군사반란을 일으켰고, 1980년 5·18 광주 민주화운동을 무차별 진압하는 데 개입했다. 지난 1995년 모교 경북고 동창모임에서는 ""광주사태 별 것 아니다""라고 말했다가 국민 지탄을 받았다. 노 전 대통령의 과거 언행을 사죄한 사람은 그의 아들 재헌씨다. 두 전직 대통령의 직계가족 중 5·18민주묘지를 찾아 사죄한 사람은 재헌씨가 유일한 것으로 알려졌다. '미국 변호사'인 재헌씨는 지난 2019년 8월23일 국립5·18민주묘지를 찾아 무릎을 꿇었다. 방명록에는 '삼가 옷깃을 여기며 5·18광주민주화운동 희생자분들 영령의 명복을 빕니다. 진심으로 희생자와 유족분들께 사죄드리며 광주 5·18민주화운동 정신을 가슴 깊이 새기겠습니다'라고 적었다. 지난해 5월29일에는 예고 없이 광주 남구 양림동에 위치한 오월어머니집을 찾았다. 재헌씨는 ""작년에 다시 오겠다고 했었는데 신종 코로나바이러스 감염증 때문에 이렇게 시간이 지나 이제야 오게 됐다""며 ""40주년 5·18민주화운동이 지났다. 행사를 많이 준비했을건데, 모두 건강하시죠""라고 인사했다. 재헌씨의 왼쪽가슴에는 5·18 40주년 기념 배지가 부착돼 있었다.  재헌씨는 오월어머니집 방명록에 '오늘의 대한민국과 광주의 정신을 만들어주신 어머님들과 민주화운동 가족 모든 분들께 경의와 존경을 표합니다'고 적었다. 같은 날 오전 국립5·18민주묘지에 노태우 전 대통령 이름의 조화를 헌화한 것과 관련해서는 ""아버님의 입장과 뜻을 어느 정도 이해한 상태에서 온 것이다. 아버님이 언제 돌아가실지 모르는 상황이기 때문에 제가 대신 헌화하는 게 맞다고 생각했다""고 설명했다.  같은해 6월23일에는 CBS라디오와 인터뷰에서 '5·18민주화 운동'과 관련해 ""치유와 화해에 조금이라도 도움이 된다면 100번이고 1000번이고 사과를 해야 되고 할 수 있다""고 말했다. 그러면서 ""아버지는 일어나지 말아야 될 5·18과 관련해 항상 마음의 큰 짐을 가지고 계셨다""며 ""특히 병상에 누운 뒤부터는, 언제 돌아가실지 모르는 상황이 오면서 참배를 하고 사죄의 행동을 옮겨야겠다는 생각이 항상 있었고 저한테도 고스란히 마음의 짐이 됐다""고 했다. 올해 5월25일에는 광주 동구에 위치한 한 소극장을 찾아 5·18 연극 '애꾸눈 광대-어느 봄날의 약속'을 관람했다. 이 연극은 5·18민주화운동 당시 현장에서 투쟁하다 한쪽 눈을 잃은 이지현씨(가명 이세상)가 기획해 지난 2013년부터 매년 공연 중인 5월 대표 연극이다. 이날 재헌씨의 깜짝스러운 공연 관람에 객석에 앉은 유족과 당사자들은 놀라는 기색이 역력했다.  재헌씨는 공연에 앞서 '뉴스1'과 인터뷰에서 ""오월 영령에 사죄하겠다고 했는데 아직 피해자 입장에서 그들의 이야기를 듣는 것이 부족하다고 느꼈다""며 ""당사자들의 입장에서 5·18은 어떤 의미이며 어떤 사연이 있었는지 간접적으로나마 듣고자 공연을 보게 됐다""고 말했다.  노 전 대통령의 또 다른 자식은 최태원 SK그룹 회장과 이혼 소송 중인 노소영 아트센터 나비 관장이다. 소영씨는 본업인 미술 전시일에 집중하면서 간간이 사회관계망서비스(SNS)를 통해 근황을 알리고 있다. 소영씨는 지난 5월11일 자신의 SNS에 ""가족과 가정은 소중하지만 품이 많이 들기에 시간과 노력은 필수""라며 서로 소통하고 공동의 가치를 찾기 위해 노력하는 것이 '21세기 가족의 의미'라고 말해 눈길을 끌었다.  이혼소송 중인 자신이 한 대학 강연에서 가족에 대해 말 할 자격이 있는지, 또 말을 할 수 있는지 곤혹스러움을 표현한 것으로 보인다.  그 한달전인 4월10일에는 페이스북에 노 전 대통령과 어머니 김옥숙 여사의 근황도 전했다.  소영씨는 ""아버지는 눈짓으로 의사 표현을 하시기도 하는데, 정말 하고픈 말이 있을 때 소통이 잘 되지 않으면 온 얼굴이 무너지며 울상이 되신다""며 ""아버지가 우는 모습이지만 소리가 나지 않는다""고 안타까움을 감추지 못했다. 김 여사에 대해서는 ""한 분은 침대에 누워 말 없이, 다른 한 분은 겨우 발걸음을 옮기면서도 매일 아침 견우와 직녀가 상봉하듯 서로를 어루만지며 위로하는 두 분을 보면 이것이 진정한 사랑이 아니라면 무엇이 사랑일까 싶다""고 했다. 재헌·소영씨보다 언론의 관심을 더 많이 받은 사람은 노 전 대통령의 손녀이자 최 회장과 소영씨의 차녀 최민정씨다. 최씨는 지난 2014년 11월 재벌가 자제로서는 파격적인 해군 소위로 임관해 군생활에 나섰다. 중국에서 대학을 다닐 당시 아르바이트를 해 생활비를 충당했다는 이야기는 유명하다. 2017년 11월 중위로 전영한 최씨는 이듬해 중국 투자회사를 거쳐 지난 2019년 SK하이닉스에 입사해 현재까지 근무하고 있다.   ickim@news1.kr  Copyright ⓒ 뉴스1코리아 www.news1.kr 무단복제 및 전재 – 재배포금지",https://v.daum.net/v/20211026151322042
20211026,"직장인 매일 하는 '이 동작', 허리에 최악"," 자리에 오래 앉아 있는 직장인, 수험생은 허리 근육에 피로가 쌓이기 쉽다. 허리에 가볍게 힘을 주고 몸을 쭉 펴도 개운하지 않아 일이나 공부에 집중하기 어려울 정도다. 허리에 무리를 주지 않으면서, 피로를 해소할 수 있는 스트레칭은 무엇일까. 우선 마치 골프 칠 때 '스윙'을 하듯, 허리를 반대로 꼬았다가 다시 푸는 스트레칭은 피해야 한다. 이 스트레칭은 일시적으로 시원한 느낌이 들게 하지만, 허리디스크로 이어질 수 있을 만큼 위험하다. 허리는 앞뒤 또는 좌우로 움직일 때보다 비틀 때 더 큰 압박을 받기 때문이다. 허리를 비틀 때 가해지는 부담은 가만히 서 있을 때보다 2배나 강해진다. 따라서 허리를 비트는 것보단, 손을 이용해 기지개를 켜거나 적당히 몸만 돌려주는 게 바람직하다. 직장인·수험생 허리 건강을 위한 스트레칭은 다음과 같다. ◇기지개 켜기 자리에 앉은 상태에서 허리를 곧게 펴고, 양손을 모아 머리 위로 곧게 뻗는다. 그다음 양쪽을 번갈아 가며 몸을 늘인다. 10초씩 총 3회 반복한다. 이때 골반이 흔들리지 않게, 팔이 구부러지지 않게 한다. ◇몸통 돌리기 자리에 앉은 상태에서 허리를 곧게 펴고, 양손을 모아 앞으로 곧게 뻗는다. 그다음 양팔과 몸통을 왼쪽으로 약간 돌린다. 이때 몸이 과하게 돌아가지 않도록 주의한다. 제자리로 돌아온 후 오른쪽으로 약간 돌린다. 10초씩 총 3회 반복한다. 동작할 때 몸통이 기울지 않게 한다. Copyrights 헬스조선 & HEALTHCHOSUN.COM, 무단 전재 및 재배포 금지",https://v.daum.net/v/20211026070016230
20211026,"국민의힘, 본경선 여론조사 '4지선다'로 확정..洪·尹측 반응은"," 국민의힘 대선 후보를 결정하기 위한 본경선 여론조사 문항이 결정됐다. '가상 양자대결'을 주장한 윤석열 전 검찰총장 측의 주장과 '4지선다'를 주장한 홍준표 의원 측의 주장을 일부 받아들이면서도, 전통적 여론조사 방식에서 크게 벗어나지 않았다는 평가다.  국민의힘 대선경선 선거관리위원회는 26일 국회에서 회의를 열고 여론조사 문구에 관해 논의한 끝에 만장일치로 문항을 결정했다.  선관위 산하 여론조사 소위원장인 성일종 의원은 이날 회의가 끝난 뒤 브리핑에서 ""만장일치로 본경선 여론조사 문항에 대해 의결했다""며 ""가상대결을 전제로 해서 질문하고 본선 경쟁력을 묻는 방식으로 마무리했다""고 밝혔다.  성 의원은 ""질문은 하나이며 가상대결을 질문에 포함해서 경쟁력을 묻는 것으로 했다""며 ""일대일로 다 설명을 해주고 마지막에 우리가 본선경쟁력이 있는 후보가 누구인지 묻게 되는 것""이라고 말했다.  그는 ""지금껏 질문 내용을 공개한 적이 없었다. 그렇기 때문에 문항은 세부적으로는 공개 하지 않기로 결정했다""고 덧붙였다.  다만 설명을 종합해볼 때 여론조사 문구는 '차기 대선에서 이재명 대 홍준표, 이재명 대 윤석열, 이재명 대 원희룡, 이재명 대 유승민이 대결하게 된다. 국민의힘의 4명의 후보 중 누가 가장 경쟁력이 있다고 보느냐'는 정도가 될 것으로 보인다.  당초 일대일 가상 양자대결을 주장한 윤 전 총장 측의 주장과 '4지선다'를 주장한 홍 의원 측의 주장을 일부 반영한 것이지만, 홍 의원 측의 주장에 더 힘이 실렸다는 분석이다. 윤 전 총장 측이 제시했던 이재명 후보와의 양자 가상 대결을 4번에 걸쳐 묻는 방식은 '전례가 없다'는 측면에서 기각된 것으로 보인다.  앞서 이날 오전 이준석 국민의힘 대표는 기자들과 만나 ""사실 A안과 B안이 충돌할 때 서로 입장을 조정 못하면 선의에 따라 보통 C안을 꺼내들 경우가 있다""며 ""전 그렇게 됐을 때 전례가 없는 안이 나오면 나중에 어떤 결과가 나오더라도 혼란에 빠질 수 있어 과거 우리 당에 역사와 전통에 있었던 방법들 중에서 선택해달라. 그 정도의 주문은 선관위원들께 지금 하게 됐다""고 전한 바 있다.  김기현 원내대표 역시 CBS라디오 인터뷰에서 ""논란이 될 때는 원칙으로 돌아가는 것이 옳다""면서 ""우리가 그동안 해왔던 전통적 관례가 있다""고 했다.  성 의원은 일부 후보가 이의제기를 할 가능성을 묻는 질문에 ""이의 제기를 안할 걸로 보여진다. 다 의견 수렴했다""며 ""선관위 결정은 번복될 수 없는 것""이라고 못 박았다. 선관위는 그간 세 번에 걸쳐 각 캠프의 의견을 수렴한 것으로 전해졌다. 이후 이를 전문가 의견과 더해 의결한 것이다.  홍 의원의 캠프는 이같은 선관위 결정에 '상식적인 결과'라는 입장을 밝혔다. 캠프의 여명 대변인은 이날 통화에서 ""1대1 가상대결 방식은 여러 해석의 여지를 줄 수 있어 부적절하다""며 이같이 말했다. 반면 윤 전 총장 캠프의 김병민 대변인은 ""입장을 정리 중""이라고 말을 아꼈다.  한편 본경선 일반여론조사는 내달 3∼4일 실시되며, 1∼4일 진행되는 선거인단 모바일·전화 투표 결과와 50%씩 합쳐 5일 전당대회에서 최종 후보를 선출한다. Copyrights ⓒ (주)이비뉴스, 무단 전재-재배포 금지",https://v.daum.net/v/20211026134457231
20211026,"박정희 묘역 참배한 윤석열에.. ""박근혜 가두고 밥 넘어가냐""","[곽우신 기자]  윤석열 후보는 박정희 전 대통령 사망 42주기를 맞아 26일 오후 국립서울현충원을 찾았다. 국민의힘 지도부와 다른 후보들은 같은 날 오전 참배를 마쳤으나, 윤 후보는 따로 오후에 참배 일정을 잡은 것. 윤석열 후보 '국민 캠프'에 함께하고 있는 주호영, 박진, 유정복, 권성동, 정진석, 이용 등 국민의힘 소속 정치인들도 함께였다. 윤 후보는 현충탑 참배를 마치고 방명록에 ""조국에 헌신하신 선열의 뜻을 받들어 바른 나라 만들겠다""라고 적었다. 이후 박정희 전 대통령과 육영수 여사의 묘소를 참배하기 위해 차량을 통해 이동했다. ""민족의 반역자가 감히 어디라고..."" vs. ""양심 있으니까 온 것""    윤석열 후보가 탑승한 승합차가 묘소 앞에 다다르자 태극기를 든 이들이 몰려들었다. 그러자 붉은 모자를 쓰고 군복을 입은 이들이 몸으로 막아서기 시작했다. 이들에게선 ""박근혜 대통령에게 부끄럽지 않느냐"" ""박근혜를 석방하라"" 같은 외침이 나왔다. 윤석열 후보는 별다른 반응을 보이지 않은 채 관계자들의 안내에 따라 박 전 대통령의 묘역으로 걸음을 옮겼다.  윤석열 후보를 지지하는 이들도 가만히 있지 않았다. ""자유대한민국을 지켜달라"" ""나라를 부강하게 만드신 박정희 대통령께 많이 기도드려라"" 외치는 이도 있었다. ""윤석열 대통령"" ""윤석열 파이팅""을 연호하는 이들의 소리와 윤석열 후보에게 ""매국노 새끼"" 등의 욕설을 하는 이들의 음성이 뒤섞였다. 한 장년 남성이 ""무슨 낯짝으로 오느냐, 양심이 있느냐""라고 불만을 표하자, 다른 중년 남성이 ""양심이 있으니까 여기까지 온 것""이라고 맞서기도 했다. 물리적 충돌은 없었지만, 양측의 신경전에 취재진과 유튜버들까지 몰려들며 현장이 소란스러워졌다. 윤석열 후보 측은 기자들의 백그라운드 브리핑 요구를 거절한 채 다시 승합차에 타고 현장을 떠났다. 현장에는 국립서울현충원장 명의로 ""순국선열과 호국영령들이 영면해 계신 곳이므로 국립묘지의 존엄을 해칠 우려가 있는 행위는 삼가주시기 바란다""라는 팻말이 놓여 있었다. 이중 '존엄을 해칠 우려가 있는 행위'에는 ""정치적 집회 성격의 행사""가 명시되어 있었다. 윤석열 ""우리는 박정희라는 거목의 열매 따먹으며 산다""   이날 윤 후보는 자신의 페이스북에 ""박정희 전 대통령 서거 42년이 되었지만 지금 우리는 이 거목의 열매를 따먹으며 산다""라며 ""세계 최빈국의 하나였던 한국이 오늘날 세계 10위권의 선진국이 된 기적은 이분께서 '우리도 할 수 있다'는 자신감을 심어주고, 국민과 함께 나갔기 때문에 가능했다""라고 그의 치적을 추켜세웠다.  Copyrights ⓒ '모든 시민은 기자다' 오마이뉴스, 무단전재 및 재배포 금지",https://v.daum.net/v/20211026151501089
20211026,"'노태우 사망' 딸 노소영 ""소뇌위축증 앓는 父, 소통 안 되면 울상"""," [이데일리 박지혜 기자] 대한민국 제13대 대통령을 지낸 노태우 전 대통령이 26일 숨졌다. 향년 89세. 노 전 대통령은 2002년 6월 전립선암 수술을 받은 이후 서울 연희동 자택에서 칩거해왔다. 2009년 10월 희귀병인 소뇌 위축증을 앓고 있는 것으로 알려졌고 2011년 4월 기관지에서 침이 발견돼 제거 수술을 받았다. 2015년 12월에는 천식으로 서울대 병원에 9일간 입원했다.  노 관장은 “한마디 말도 못 하고 몸도 움직이지 못한 채 침대에 누워 어떻게 십 여년을 지낼 수 있을까? 나는 단 한 달도 그렇게 살 수 없을 것 같다”고 운을 뗐다. 이어 “소뇌 위축증이란 희귀병인데 대뇌는 지장이 없어서 의식과 사고는 있다. (이것이 더 큰 고통이다.) 때로는 눈짓으로 의사 표현을 하시기도 하는데, 정말 하고 싶은 말이 있을 때 소통이 잘 되지 않으면 온 얼굴이 무너지며 울상이 되신다. 아버지가 우는 모습이다. 소리가 나지 않는다”고 덧붙였다. 그는 “어제 또 한고비를 넘겼다. 호흡 보조장치에 문제가 생겼던 것이다. 지상에서 아버지(그리고 어머니)께 허락된 시간이 앞으로 얼마나 남았는지 알 수 없지만, 아버지는 나에게 확실한 교훈을 주셨다. 인내심이다. 초인적인 인내심으로 버티고 계신 아버지를 뵈면, 이 세상 어떤 문제도 못 참을 게 없었다”고 전했다. 그러면서 “참.용.기.(참고 용서하고 기다리라)가 아버지의 좌우명이다. 정말 어려운 길임에 틀림없다”며 글을 맺었다. 어버이날인 5월 8일에는 “아버지가 오늘따라 두 눈을 크게 뜨고 계신다. 이때다, 싶어 평소하고 싶었던 이야기를 쏟아 내었다”며 “아빠의 사랑 듬뿍 받고 자랐다. 그게 저를 버티는 힘”이라고 했다. 딸에 대한 노 전 대통령의 사랑은 ‘청와대 결혼식’에서도 알 수 있다. 노 전 관장은 고(故) 최종현 선경그룹 회장의 장남인 최태원 SK 회장과 노 전 대통령이 취임한 후 1988년 청와대 영빈관에서 결혼식을 올렸다. 하지만 현재 노 관장과 최 회장은 이혼 소송 중이다.  또 두 사람은 지난달 고(故) 조용기 원로목사의 빈소를 함께 찾아 애도를 표하기도 했다. 노 전 대통령이 공식석상에 모습을 드러낸 건 2003년 2월 노무현 전 대통령 취임식이 마지막이다. 박지혜 (noname@edaily.co.kr)  ⓒ종합 경제정보 미디어 이데일리 - 무단전재 & 재배포 금지 ",https://v.daum.net/v/20211026152605566
20211026,"이인제 ""이낙연, 이재명에 꼬리 내려..민주당에 걸었던 실낱같은 기대 무너져"""," 이인제 전 국회의원이 더불어민주당 대선 후보로 이재명 경기도지사가 선출된 것과 관련, ""이낙연은 결연하게 이재명과 맞서는 듯 하다가 꼬리를 내리고 이재명과 손을 잡았다""며 ""문재인 대통령은 한 때 날을 세우는 듯 하다가 이재명에게 면죄부를 줬다""고 평가했다. 26일 정치권에 따르면, 이인제 전 의원은 이날 자신의 페이스북을 통해 ""역시 그들은 한 통속이었다""며 ""문재인 검찰이 유동규 구속 당시 그에게 씌웠던 '배임 혐의'를 슬그머니 빼버리고 이재명을 아예 수사선상에서 지워버렸다""며 이같이 밝혔다. 이 전 의원은 ""민주당 정권에 걸었던 실낱같은 기대가 무너져버린 것이다. 이제 대선은 피할 수 없이 선과 악, 정의와 불의의 구도가 되어버렸다""며 ""국민의힘은 우리 사회의 선과 정의를 대변해 싸워야 한다. 그리고 반드시 승리해야 한다""고 주장했다. 이어 ""승리를 위해 누가 우리당 후보가 되어야 할까? 며칠 남지 않은 경선에서 우리는 필승의 후보를 선택해야 한다""며 ""무릇 전쟁의 승패는 장수의 용기와 전략 그리고 결단력에 달려 있다""고 말했다. 그러면서 ""임진왜란, 정유재란 때 원균을 장수로 내보내면 패배하고, 이순신을 장수로 내보내면 승리했다. 전쟁에 내보낼 장수를 결정할 때 이미 전쟁의 승패는 결정되는 것""이라며 ""내년 3월 대선 전쟁의 승패도 마찬가지로 후보를 결정하는 11.5에 이미 결정된다고 말할 수 있다""고 현 야권 상황을 짚었다. 이 전 의원은 ""내년 대선의 승패도 결국 20, 30대가 좌우할 것이다. 이 젊은세대의 압도적 지지를 받는 사람이 홍준표""라며 ""그는 수많은 싸움에서 저들과 싸우며 스스로를 단련한 사람이다. 도덕적으로도 적장 이재명을 압도할 수 있다""고 주장하기도 했다. 끝으로 그는 ""그(홍준표)를 장수로 세우면 난폭하고 부도덕한 이재명을 무난히 제압할 것이다. 20, 30대 젊은이의 열망을 외면한다면 전쟁의 승리는 물거품이 될지도 모른다""며 ""11·5에 국민의힘은 위대한 결단을 내려야 한다. 이순신 같은 필승의 장수를 세워야 한다. 정권교체를 이날 결정해버려야 한다""고 목소리를 높였다. 최근 이 전 의원은 홍준표 의원을 공개 지지 선언한 바 있다. 당시 그는 ""책임당원 누구나 정권교체를 열망하면서 소중한 한표를 던졌을 것""이라며 ""누가 우리당 후보가 되어야 민주당 후보를 쓰러트릴 수 있을까? 나는 세 가지 전략적 관점에서 지지 후보를 결정했다""고 밝혔다. ""하나는 민주당 후보와의 결투에서 우위를 점할 수 있는 능력이다. 두 후보는 TV토론 등에서 치열한 투쟁을 해야 한다. 선거는 바로 정치전쟁""이라며 ""한 번도 선거를 치러보지 않은 사람이 제대로 싸울 수 있을까? 더구나 민주당 후보는 난잡한 싸움꾼이다. 우리당 후보는 그런 상대를 압도할 수 있는 전투력을 갖추고 있어야 한다""고 홍 의원을 지지하게 된 이유를 설명했다. 이어 ""둘은 누가 후보가 되었을 때 지지층을 극대화할 수 있을까이다. 당연히 중도층의 지지를 폭넓게 받고 있는 사람""이라며 ""그가 후보가 되면 다른 후보를 지지하던 보수층을 흡수해 우리당 후보의 지지층을 최대한 넓힐 수 있다""고 강조했다. 그러면서 ""셋은 누가 20대, 30대 젊은 층의 지지를 받고 있는가이다. 현재 우리 선거판을 좌우하는 것은 이 젊은세대의 열풍""이라며 ""40대 이상의 기성세대는 대체로 지지정당이 정해져 있고 변동의 폭이 좁다. 그러나 20대, 30대는 진영의식이 거의 없고 정치적 감수성이 매우 민감하다. 문 정권 들어서서 치러진 지방선거, 국회의원 총선거에서 그 젊은 세대는 80%가 민주당을 찍었다. 국민의힘은 완패했다""고 4·15 총선 당시를 언급하기도 했다. 이 전 의원은 ""그러다 지난 서울, 부산시장 보궐선거에서 그 젊은세대는 문 정권의 폭정에 분노한 나머지 거꾸로 80%가 국민의힘을 찍었다. 그 결과 국민의힘이 압승했다""며 ""내년 대선도 마찬가지다. 이 젊은세대가 승패를 좌우할 것이다. 그러므로 젊은세대의 뜨거운 지지를 받는 사람이 후보가 될 때 내년 대선 본선에서 승리할 수 있다""고 주장했다. 권준영기자 kjykjy@dt.co.kr Copyrights ⓒ 디지털타임스 & dt.co.kr, 무단 전재 및 재배포 금지 ",https://v.daum.net/v/20211026141617626
20211026,차 4천대 싣고 美항구서 뒤집힌 한국 화물선 마지막 조각 인양," (서울=연합뉴스) 전명훈 기자 = 2019년 미국 동부 해안에서 균형을 잃고 쓰러졌던 현대글로비스 소속 대형 자동차 운반선 '골든레이호'의 선체가 사고 2년여 만에 모두 인양됐다.  AP통신은 골든레이호의 8번째 선체 조각이 미국 조지아주 브런즈윅 항 인근 사고 현장에서 크레인에 의해 바지선으로 옮겨졌다고 25일(현지시간) 보도했다. 골든레이호는 2019년 9월 8일 차량 4천여 대를 싣고 운항하다 항만 입구에서 왼쪽으로 완전히 전도되는 사고를 당했다. 전장 200ｍ, 전폭 35ｍ에 총톤수(GT) 7만1천178t에 달하는 선체를 한 번에 인양할 수 없어 당국은 이 배를 8조각으로 절단, 한 조각씩 인양 작업을 벌여 왔다. 이날 마지막으로 인양된 4천t 규모의 선체 조각은 배의 가장 중간 부분으로, 사고 당시 훼손이 가장 심했던 부분이라고 AP통신은 전했다. 인양된 선체는 더 작은 조각으로 분해한 뒤 루이지애나의 고철 처리장으로 보내질 예정이다. 인양팀의 마이클 하임스 대변인은 AP통신에 ""선체 제거 작업의 마지막 단계가 끝난 것""이라고 말했다. 그러나 사고 처리가 모두 마무리된 것은 아니다. 현장 관계자들은 선체 절단 과정에서 나온 파편 등을 수습하고, 선체 절단 작업을 위해 설치했던 시설물도 철거해야 한다. 또한 배와 함께 가라앉았던 화물 컨테이너 등을 건져내고, 파편이 떠내려가지 않도록 설치했던 대형 차단막도 철거해야 한다. 이런 작업을 모두 마무리하려면 연말까지 작업을 계속해야 한다고 하임스 대변인은 덧붙였다. 미 국가교통안전위원회(NTSB)에 따르면 당시 사고는 평형수 데이터 입력 실수가 주요 원인이었던 것으로 파악됐다.  평형수는 갑판의 화물 무게를 상쇄하기 위해 선박 바닥에 무게를 더하는 목적인데, 당시 담당자의 실수로 평형수가 충분히 실리지 않았다는 것이다. 당시 사고로 골든레이호와 적재된 자동차는 전손 피해를 봤다. 손실액은 2억400만 달러(약 2천400억원)에 달한다고 NTSB는 밝혔다. 사고 당시 승선 인원은 모두 구조됐다. 이중 한국인 선원 4명은 구조되기 전까지 선박 내에 41시간 동안 고립되기도 했다.  id@yna.co.kr 저작권자(c)연합뉴스. 무단전재-재배포금지",https://v.daum.net/v/20211026104350955
20211026,"김만배 ""박영수 딸 특혜 없었다""..농담도 했던 남욱은 '며칠째 침묵'","기사내용 요약 검찰, 김만배 남욱 소환 조사 이어가 '박영수 딸 특혜"" 질문에 김만배 부인 남욱은 취재진 질문에 연이어 '침묵' 정민용, 두꺼운 서류파일 檢제출예정  [서울=뉴시스] 김가윤 기자 = 경기 성남시 대장동 개발사업 특혜 의혹에 연루된 화천대유자산관리(화천대유) 대주주 김만배씨가 26일 검찰 조사에 출석하면서 박영수 전 특별검사 딸에 대해 ""특혜는 없었다""고 주장했다. 법조계에 따르면 서울중앙지검 전담수사팀(팀장 김태훈)은 이날 오후 2시부터 김씨와 천화동인 4호 소유주 남욱 변호사, 성남도시개발공사 전략투자팀장으로 일했던 정민용 변호사를 불러 조사를 진행한다. 오후 1시26분께 모습을 나타낸 김씨는 '박영수 전 특검 딸에 대한 특혜가 있었는지'를 묻는 취재진에게 ""없었다""고 답했다. '박 전 특검 딸이 받은 아파트를 뇌물성으로 보는 것은 어떻게 생각하는지' 등 질문엔 ""그건 잘 모르겠다""고 했다. '전혀 아니라는 주장인가'라고 재차 묻자 ""네""라고 답했다. 그밖에 뇌물을 약속했다는 혐의나 '700억 약정' 관련 4가지 시나리오를 준비했다는 의혹에 대해서도 전면 부인했다. 검찰이 배임 혐의를 특정하지 못하고 있다는 지적에 대해선 ""죄송하다. 나중에 기회가 되면 말씀드리겠다""고만 했다. 뒤이어 오후 1시32분께 도착한 남 변호사는 이날도 취재진의 모든 질문에 침묵으로 일관했다. '최근 며칠간 말을 아끼는 이유가 있는지', '혐의 자체에 대해서 전혀 할말 없는지' 등 지적에도 ""죄송하다""고만 하고 조사실로 올라갔다. 오후 1시40분께 온 정 변호사는 두꺼운 서류파일을 들고 청사에 도착했다. 정 변호사는 '녹취파일이라고 보면 되는지', '이재명 전 지사와 관련된 자료인지' 등 취재진의 질문에 답하지 않았다. 전날과 같이 '(공모지침서를) 이 전 지사에게 직접 보고한 적이 없는지' 등 질문엔 ""그렇다""고 답했다. 검찰이 이르면 주중 김씨와 남 변호사에 대한 구속영장을 청구할 것이란 전망이 나오는 가운데, 이들을 불러 엇갈린 진술을 맞추는 등 사실관계를 확정하고 있는 것으로 보인다. 특히 정 변호사가 가져온 서류에 들어있는 내용에 따라 유동규 전 성남도시개발공사 기획본부장은 물론, 김씨와 남 변호사의 배임 혐의가 특정될 가능성도 거론된다. ☞공감언론 뉴시스 yoon@newsis.com  ⓒ 공감언론 뉴시스통신사. 무단전재-재배포 금지",https://v.daum.net/v/20211026142403910
20211026,[노태우별세]국립묘지 안장 가능한가," [아시아경제 양낙규 군사전문기자]26일 별세한 노태우 전 대통령이 국립현충원에 안장 될지 관심이 모아지고 있다. 이날 정부 관계자는 “법률상 전·현직 대통령은 원칙적으로 국립현충원 안장 자격이 있지만 현행 ‘국립묘지의설치및운영에관한법률’에 따라 실형이 확정됐을 경우 사면이 된 후에도 죄가 남아 안장이 불가능하다”고 말했다. 노 전 대통령은 1996년 대법원에서 군사반란 등 죄명으로 무기징역과 17년형이 확정됐다. 1997년 12월21일 사면·복권됐지만, 2006년에는 다른 12·12 쿠데타 주역들과 함께 서훈도 취소됐다.  다만, 국립현충원에 안장될 가능성이 전혀 없는 것도 아니다. 전직 대통령의 국립묘지 안장 여부는 지금까지 ‘국가장’법에 의해 ‘국가장 장례위원회’에서 결정해왔다는 점이다. 정부 관계자는 ""전직 대통령의 장지·장례 방법은 국가장법에 따라 국무회의에서 결정된다""고 말했다. 실제로 국가장법에 따라서 사면된 전직 대통령이 국립현충원에 안장된 경우도 있다. 고 김대중 전 대통령이다. 고 김 전 대통령은 1981년 광주 민주화 운동의 주동자로 지목돼 국가보안법 위반 혐의로 사형 선고를 받았다. 하지만 87년 사면·복권됐다. 2009년 김 전 대통령이 서거하자 당시 김경한 법무부 장관은 국무회의에서 ""사면·복권이 되면 국립묘지 안장 자격도 회복시켜 주는 것으로 법무부가 판단했다""며 고 김 전 대통령을 서울 현충원에 안장했다. 한편 대전현충원 국가원수 묘역은 2004년 6월 6억 1900만원을 들여 계단과 식재공간 등을 포함해 전체 부지 2925평 규모로 조성됐다. 묘역은 4기 규모로 기당 80평이다. 대통령 묘는 지름 4.5m 높이 2.7m의 원형 봉분으로 조성되고 12개의 묘두름돌로 지지한다. 높이 3.46m의 비석은 전면에 ‘제○대 대통령 ○○○의 묘’라고 새기고 뒷면에 출생일, 출생지, 사망일, 사망지, 사망원인이 기록된다. 국가원수는 유족들이 원하면 영부인 합장도 가능하다. 노 전 대통령도 서거후 유족들이 요청할 경우 이곳에 안장될 것으로 예상된다. 양낙규 군사전문기자 if@asiae.co.kr <ⓒ경제를 보는 눈, 세계를 보는 창 아시아경제 무단전재 배포금지>",https://v.daum.net/v/20211026150040440
20211026,"변협 ""손준성 체포영장 기각 후 구속영장 청구..기본권 침해""","기사내용 요약 공수처의 손준성 전 정책관 구속영장 청구 관련  변협 ""방어권 보장 않은 영장청구는 기본권 침해"" ""구속영장 남용…기본권 경시 문화 뿌리내릴 수도""  [서울=뉴시스]박현준 기자 = 대한변호사협회(협회장 이종엽)가 '고발사주 의혹' 손준성 대구고검 인권보호관(전 대검찰청 수사정보정책관)에게 체포영장을 청구했다 기각되자 곧바로 구속영장을 청구한 고위공직자범죄수사처(공수처)에 유감과 우려를 표명했다. 26일 법조계에 따르면 변협은 이날 성명서를 내고 ""최고 수사기관 중 하나인 공수처가 오히려 규칙과 규율을 무시했다""며 이같이 밝혔다. 변협은 ""피의자가 수사에 협조적이지 않다는 이유로 방어권을 위한 적절한 기회와 시간을 보장하지 않고, 이례적으로 인신(人身)을 구속하는 영장을 거듭 청구하는 등 국민 기본권을 침해했다""고 비판했다. 이어 ""이런 수사방식이 용납될 경우 체포영장이 기각되면 곧바로 구속영장을 청구하는 수사 관행이 자리 잡게 돼 구속영장 청구가 남용될 소지가 있다""며 ""장기적으로 기본권을 경시하는 문화가 수사기관에 뿌리내릴 수 있다""고 했다. 그러면서 ""기본권 제한은 내용과 절차에 있어 불가피한 경우에만 엄중하게 이뤄져야 한다""며 ""기본권을 침해하는 수사 관행이 자리잡지 않도록 신중하게 판단하기를 바란다""고 덧붙였다. 공수처는 지난 23일 고발사주 의혹을 받는 손 전 정책관에게 직권남용권리행사방해 등 혐의를 적용해 서울중앙지법에 구속영장을 청구한 것으로 파악됐다. 이는 공수처 출범 후 첫 구속영장 청구다. 공수처는 지난 20일 손 전 정책관에 대해 체포영장을 청구했으나 법원에서 ""피의자가 출석 요구에 응하지 아니할 우려가 있다고 단정할 수 없다""며 이를 기각하자 구속영장을 청구한 것으로 파악됐다. 이에 손 전 정책관 측은 ""공수처는 피의자 소환통보 시에도 피의자나 변호인에게 피의 사실의 요지도 제대로 통보하지 않는 등 명백히 위법하게 절차를 진행했다""며 ""최소한의 절차도 준수하지 않은 채 구속영장을 청구한 데 대해 심각한 우려와 유감을 표명한다""고 반발했다. ☞공감언론 뉴시스 parkhj@newsis.com  ⓒ 공감언론 뉴시스통신사. 무단전재-재배포 금지",https://v.daum.net/v/20211026142721042
20211026,이재명·오세훈 위증 논란에 윤석열 비난까지..행안위 국감 공방전(종합)," (서울=뉴스1) 허고운 기자,이밝음 기자 = 26일 국회 행정안전위원회 종합감사에서 여야가 이재명 전 경기도지사와 오세훈 서울시장의 '위증 의혹'을 놓고 난타전을 벌였다. 여당은 국민의힘 대권 주자인 윤석열 전 검찰총장의 전두환 전 대통령 옹호성 발언도 맹비난했다. 박완수 국민의힘 의원은 이날 종합감사에서 이 전 지사가 대장동 개발 사업과 관련해 허위 발언을 했다며 행안위 차원의 고발을 요청했다. 박 의원은 ""초과이익환수 조항이 빠진 경위에 대해 발언할 때 이 전 지사의 18일과 20일 발언이 다르다""며 ""허위 진술이고 증인으로서 위증한 것이기 때문에 국회 증언 감정에 관한 법률에 의해 고발해야 한다고 생각하고 공식적으로 위원장에게 요청한다""고 말했다. 그는 또 ""이 전 지사가 직접 보고받지 않았다고 했으나, 보고 받았다는 관련자 진술도 나왔다""며 ""국정감사를 무력화시키고, 국회의 권능을 실추시키는 증언이나 행위에 대해 반드시 조치가 있어야 한다""고 강조했다. 김도읍 국민의힘 의원은 ""이 전 지사는 여당의 대통령 후보로 본인에게 불리한 이야기를 했다가 잘못이 드러나면 선거에 영향이 있기 때문에 거짓말을 하는 것""이라며 이 전 지사의 과거 전과도 언급했다. 같은당 서범수 의원은 ""경기도지사는 누구도 터치하지 못하는 언터처블맨처럼 행동한다""며 이 전 지사가 올해 도정과 관계 없는 외부일정을 48일이나 소화했다고 지적했다.  이 전 지사가 소속한 더불어민주당 의원들은 ""이 전 지사는 많은 분이 인정해서 당의 대선 후보로 확정이 된 분""이라고 방어막을 치면서 야권 인사들을 공격했다. 이해식 민주당 의원은 ""서울시 국감 때 오세훈 시장이 명백한 위증을 했다""며 ""파이시티 관련 도시계획결정 권한은 광역자치단체장에 있으나 오 시장은 본인은 의사결정에 아무 관여하지 않고 서초구청장이 인허가했다고 말했다""고 밝혔다. 그러면서 ""명백한 위증에 대해서 위증죄로 상임위에서 고발해줄 것을 공식 요청한다""며 ""김용판 국민의힘 의원은 국감장에서 날조된 그림을 제시하면서 여당 대통령 후보를 모욕했기에 국감 및 조사에 관한 법률에 따라 제척해주기 바란다""고 요청했다.  이에 야당 의원들은 격렬하게 항의했고 여당 측도 맞서면서 국감장은 아수라장이 됐다. 서영교 행안위원장은 ""사실 확인을 해야 한다""며 ""수석전문위원을 비롯해 전문위원이 팩트체크를 해달라""고 말했다. 정근식 진실·화해를위한과거사정리위원회 위원장을 상대로 한 질의에서는 윤석열 전 검찰총장이 도마 위에 올랐다. 윤 전 총장은 지난 19일 부산 당원들과 만나 ""전두환 대통령이 쿠데타와 5·18만 빼면 정치는 잘했다고 말하는 분들이 많다""고 말한 바 있다. 이형석 민주당 의원은 ""이런 역사인식은 문제가 있고 히틀러도 유대인 학살만 하지 않았으면 잘한 정치인이라는 것과 버금가는 발언""이라고 비난했다. 정 위원장은 전 전 대통령에 대해 ""과거에 문제가 있는 분들이 진솔하게 국민에게 사과하고 국민적 통합을 위해 노력해줬으면 좋겠다""고 평가했다. 여야는 국감장에 출석한 김창룡 경찰청장을 두고서도 공방전을 벌였다. 야당은 경찰이 이 전 지사와 대장동 의혹에 관한 수사를 지체하고 있다고 보고 있다. 김도읍 국민의힘 의원은 김 청장에게 ""경찰을 몇 년 했고, 그중 수사는 얼마나 했느냐""라고 물었고, 김 청장은 ""33년이 조금 넘었고 수사기획부서 등을 포함하면 (수사 경력은) 2년 가까이 될 것 같다""고 답했다. 그러자 김 의원은 ""수사를 2년도 하지 않고 경찰청장이 됐느냐. 그러니까 대장동 게이트 사건이 이렇게 되는 것""이라고 비꼬았다. 백혜련 민주당 의원은 ""정말 너무하다. 경찰청장에 대한 공개적인 명예훼손""이라고 반발했고 국감장에는 또 다시 여야 의원들의 고성이 오갔다. 이후 김 청장은 ""수사과만 수사하는 게 아니고 여성청소년과나 외사과도 수사를 한다""며 ""서장이나 지방청장을 거치면서 전반적인 수사 업무에 대해 종합적으로 지휘하고 관리하는 충분한 경험과 역량을 갖고 있다""고 설명했다. hgo@news1.kr  Copyright ⓒ 뉴스1코리아 www.news1.kr 무단복제 및 전재 – 재배포금지",https://v.daum.net/v/20211026143146215
